UUID,mainThumbURL,imageLicense,dataSource,wikidataQID
8607e878-4ca7-577c-8bde-ff8729929dad,https://cloudflare-imgbed-euu.pages.dev/file/thumbnails/1788075231995_8607e878-4ca7-577c-8bde-ff8729929dad_300px_al_qala_of_beni_hammad.jpg,,local-unesco-thumb,
e3790388-86bc-5101-89d4-f685d2bbbe23,https://cloudflare-imgbed-euu.pages.dev/file/thumbnails/1788075174791_e3790388-86bc-5101-89d4-f685d2bbbe23_300px_mzab_valley.jpg,,local-unesco-thumb,
1e6988b2-e175-509e-9e43-943ffeced51a,https://cloudflare-imgbed-euu.pages.dev/file/thumbnails/1788075152662_1e6988b2-e175-509e-9e43-943ffeced51a_300px_butrint.jpg,,local-unesco-thumb,
65340efd-659f-56ad-adf9-33cc7a5ca093,https://cloudflare-imgbed-euu.pages.dev/file/thumbnails/1788075281540_65340efd-659f-56ad-adf9-33cc7a5ca093_300px_timgad.jpg,,local-unesco-thumb,
ef20fe12-744c-5c94-b736-364a288e6a0b,https://cloudflare-imgbed-euu.pages.dev/file/thumbnails/1788075112941_ef20fe12-744c-5c94-b736-364a288e6a0b_300px_kasbah_of_algiers.jpg,,local-unesco-thumb,
b1e43b65-c5b9-5f76-bc69-ecc745583957,https://cloudflare-imgbed-euu.pages.dev/file/thumbnails/1788075179460_b1e43b65-c5b9-5f76-bc69-ecc745583957_300px_ischigualasto_talampaya_natural_parks.jpg,,local-unesco-thumb,
425c1b5d-db5e-5bf1-a2b6-b9cd3b4e23f3,https://cloudflare-imgbed-euu.pages.dev/file/thumbnails/1788075127472_425c1b5d-db5e-5bf1-a2b6-b9cd3b4e23f3_300px_esma_museum_and_site_of_memory_former_clandestine_centre_of.jpg,,local-unesco-thumb,
9525bbeb-6fc2-5eb7-91e7-ad38604cfed6,https://cloudflare-imgbed-euu.pages.dev/file/thumbnails/1788075028547_9525bbeb-6fc2-5eb7-91e7-ad38604cfed6_300px_iguazu_national_park.jpg,,local-unesco-thumb,
af530188-ed63-5932-b661-6a4d250a6d0e,https://cloudflare-imgbed-euu.pages.dev/file/thumbnails/1788075220963_af530188-ed63-5932-b661-6a4d250a6d0e_300px_monastery_of_geghard_and_the_upper_azat_valley.jpg,,local-unesco-thumb,
a1532597-d107-5fab-83d8-43db82e75a66,https://cloudflare-imgbed-euu.pages.dev/file/thumbnails/1788075154343_a1532597-d107-5fab-83d8-43db82e75a66_300px_australian_fossil_mammal_sites_riversleigh_naracoorte.jpg,,local-unesco-thumb,
f9e780cf-7b18-5130-a2a6-95a807d9fb65,https://cloudflare-imgbed-euu.pages.dev/file/thumbnails/1788075133489_f9e780cf-7b18-5130-a2a6-95a807d9fb65_300px_mbanza_kongo_vestiges_of_the_capital_of_the_former_kingdom_o.jpg,,local-unesco-thumb,
95f52cde-97ed-54fc-ac01-8fc9ef380ad6,https://cloudflare-imgbed-euu.pages.dev/file/thumbnails/1788075009972_95f52cde-97ed-54fc-ac01-8fc9ef380ad6_300px_cueva_de_las_manos_río_pinturas.jpg,,local-unesco-thumb,
cdd4256a-9f3f-5022-b812-9023cf6249ec,https://cloudflare-imgbed-euu.pages.dev/file/thumbnails/1788075214669_cdd4256a-9f3f-5022-b812-9023cf6249ec_300px_greater_blue_mountains_area.jpg,,local-unesco-thumb,
d0df189b-340c-5f9c-8b85-e338d0b22037,https://cloudflare-imgbed-euu.pages.dev/file/thumbnails/1788075195880_d0df189b-340c-5f9c-8b85-e338d0b22037_300px_australian_convict_sites.jpg,,local-unesco-thumb,
8b9ce772-a29e-589c-a94b-82c47da27bef,https://cloudflare-imgbed-euu.pages.dev/file/thumbnails/1788075035170_8b9ce772-a29e-589c-a94b-82c47da27bef_300px_great_barrier_reef.jpg,,local-unesco-thumb,
da9d4ad0-e6c1-5770-b0a5-5e25462603ec,https://cloudflare-imgbed-euu.pages.dev/file/thumbnails/1788075291695_da9d4ad0-e6c1-5770-b0a5-5e25462603ec_300px_kakadu_national_park.jpg,,local-unesco-thumb,
132db8ba-0309-5217-b149-3da55d4cf070,https://cloudflare-imgbed-euu.pages.dev/file/thumbnails/1788075025102_132db8ba-0309-5217-b149-3da55d4cf070_300px_lord_howe_island_group.jpg,,local-unesco-thumb,
ce03600d-193f-5535-a764-78d28191f7ca,https://cloudflare-imgbed-euu.pages.dev/file/thumbnails/1788075041255_ce03600d-193f-5535-a764-78d28191f7ca_300px_ningaloo_coast.jpg,,local-unesco-thumb,
8b71c123-6b79-52e0-b85f-850fa2b50fab,https://cloudflare-imgbed-euu.pages.dev/file/thumbnails/1788075138135_8b71c123-6b79-52e0-b85f-850fa2b50fab_300px_sydney_opera_house.jpg,,local-unesco-thumb,
3011a8e4-12c8-55f2-8422-857e3ca19c7d,https://cloudflare-imgbed-euu.pages.dev/file/thumbnails/1788075017507_3011a8e4-12c8-55f2-8422-857e3ca19c7d_300px_royal_exhibition_building_and_carlton_gardens.jpg,,local-unesco-thumb,
2c30bbb6-d15e-54c0-a4cb-2de18efdf6db,https://cloudflare-imgbed-euu.pages.dev/file/thumbnails/1788075179637_2c30bbb6-d15e-54c0-a4cb-2de18efdf6db_300px_wet_tropics_of_queensland.jpg,,local-unesco-thumb,
43062786-a7cb-5b29-ada5-9c73169c3a8e,https://cloudflare-imgbed-euu.pages.dev/file/thumbnails/1788075317742_43062786-a7cb-5b29-ada5-9c73169c3a8e_300px_shark_bay_western_australia.jpg,,local-unesco-thumb,
3c29ef3a-9fad-5b13-a008-f6ea601310ab,https://cloudflare-imgbed-euu.pages.dev/file/thumbnails/1788075291045_3c29ef3a-9fad-5b13-a008-f6ea601310ab_300px_prehistoric_pile_dwellings_around_the_alps.jpg,,local-unesco-thumb,
bf8c2576-8751-54d7-9968-43665adc2c9a,https://cloudflare-imgbed-euu.pages.dev/file/thumbnails/1788075075258_bf8c2576-8751-54d7-9968-43665adc2c9a_300px_wachau_cultural_landscape.jpg,,local-unesco-thumb,
60c020a3-fd47-526d-9441-3ac8617c3504,https://cloudflare-imgbed-euu.pages.dev/file/thumbnails/1788075252772_60c020a3-fd47-526d-9441-3ac8617c3504_300px_pearling_testimony_of_an_island_economy.jpg,,local-unesco-thumb,
976efd9c-e406-5d4a-a465-d841912116a9,https://cloudflare-imgbed-euu.pages.dev/file/thumbnails/1788075284988_976efd9c-e406-5d4a-a465-d841912116a9_300px_walled_city_of_baku_with_the_shirvanshahs_palace_and_maiden.jpg,,local-unesco-thumb,
c75d126e-0c61-5335-9791-a7588b96af46,https://cloudflare-imgbed-euu.pages.dev/file/thumbnails/1788075062169_c75d126e-0c61-5335-9791-a7588b96af46_300px_qalat_al_bahrain_ancient_harbour_and_capital_of_dilmun.jpg,,local-unesco-thumb,
2863901e-13ff-55f3-8d5c-ad181daa8d37,https://cloudflare-imgbed-euu.pages.dev/file/thumbnails/1788075131240_2863901e-13ff-55f3-8d5c-ad181daa8d37_300px_the_sundarbans.jpg,,local-unesco-thumb,
102e0cfe-bcb4-5c5b-97ca-573db2283876,https://cloudflare-imgbed-euu.pages.dev/file/thumbnails/1788075186978_102e0cfe-bcb4-5c5b-97ca-573db2283876_300px_belfries_of_belgium_and_france.jpg,,local-unesco-thumb,
f9aba8ed-4246-5e60-84f9-23df211c3a21,https://cloudflare-imgbed-euu.pages.dev/file/thumbnails/1788075050520_f9aba8ed-4246-5e60-84f9-23df211c3a21_300px_neolithic_flint_mines_at_spiennes_mons.jpg,,local-unesco-thumb,
7799c21e-1690-5d2e-b51b-9ad548bf7c25,https://cloudflare-imgbed-euu.pages.dev/file/thumbnails/1788075258501_7799c21e-1690-5d2e-b51b-9ad548bf7c25_300px_historic_centre_of_sheki_with_the_khans_palace.jpg,,local-unesco-thumb,
f7a8ba8f-3b85-52a3-9ab0-db7e6239f363,https://cloudflare-imgbed-euu.pages.dev/file/thumbnails/1788075222924_f7a8ba8f-3b85-52a3-9ab0-db7e6239f363_300px_the_four_lifts_on_the_canal_du_centre_and_their_environs_la.jpg,,local-unesco-thumb,
98a842c7-fc01-5ec9-b15d-1dc9d9b1a53b,https://cloudflare-imgbed-euu.pages.dev/file/thumbnails/1788075121541_98a842c7-fc01-5ec9-b15d-1dc9d9b1a53b_300px_stoclet_house.jpg,,local-unesco-thumb,
597fdd03-5509-5653-9f87-8e36ce5cb3a6,https://cloudflare-imgbed-euu.pages.dev/file/thumbnails/1788075064879_597fdd03-5509-5653-9f87-8e36ce5cb3a6_300px_monasteries_of_haghpat_and_sanahin.jpg,,local-unesco-thumb,
61e98bea-2e67-581d-95ce-51410751e1f3,https://cloudflare-imgbed-euu.pages.dev/file/thumbnails/1788075322362_61e98bea-2e67-581d-95ce-51410751e1f3_300px_jesuit_missions_of_the_chiquitos.jpg,,local-unesco-thumb,
893b9b27-28c3-5001-8c04-8f11424d9e78,https://cloudflare-imgbed-euu.pages.dev/file/thumbnails/1788075142075_893b9b27-28c3-5001-8c04-8f11424d9e78_300px_mehmed_paša_sokolović_bridge_in_višegrad.jpg,,local-unesco-thumb,
1b5f0352-85ac-54b8-a8c0-3829ea813c93,https://cloudflare-imgbed-euu.pages.dev/file/thumbnails/1788075234682_1b5f0352-85ac-54b8-a8c0-3829ea813c93_300px_tsodilo.jpg,,local-unesco-thumb,
a6ba41d6-8eb1-5e86-8396-aa73618898c5,https://cloudflare-imgbed-euu.pages.dev/file/thumbnails/1788075201250_a6ba41d6-8eb1-5e86-8396-aa73618898c5_300px_cultural_landscape_of_khinalig_people_and_köç_yolu_transhuma.jpg,,local-unesco-thumb,
be767168-e9d3-549c-aa5a-abd2d9a283aa,https://cloudflare-imgbed-euu.pages.dev/file/thumbnails/1788075325856_be767168-e9d3-549c-aa5a-abd2d9a283aa_300px_vjetrenica_cave_ravno.jpg,,local-unesco-thumb,
8ec6db7e-3e8f-58fc-bf61-5f398a4006b0,https://cloudflare-imgbed-euu.pages.dev/file/thumbnails/1788075204489_8ec6db7e-3e8f-58fc-bf61-5f398a4006b0_300px_discovery_coast_atlantic_forest_reserves.jpg,,local-unesco-thumb,
56858eb1-4b16-5f7d-bb6b-b8f129923b37,https://cloudflare-imgbed-euu.pages.dev/file/thumbnails/1788075207789_56858eb1-4b16-5f7d-bb6b-b8f129923b37_300px_koutammakou_the_land_of_the_batammariba.jpg,,local-unesco-thumb,
989fdabc-2a2d-5e29-8db1-0efedc91b734,https://cloudflare-imgbed-euu.pages.dev/file/thumbnails/1788075306618_989fdabc-2a2d-5e29-8db1-0efedc91b734_300px_brazilian_atlantic_islands_fernando_de_noronha_and_atol_das.jpg,,local-unesco-thumb,
cb8dc7b8-2c56-52df-a044-863e6c70936b,https://cloudflare-imgbed-euu.pages.dev/file/thumbnails/1788075135427_cb8dc7b8-2c56-52df-a044-863e6c70936b_300px_historic_centre_of_the_town_of_goiás.jpg,,local-unesco-thumb,
ee11164d-8f5b-540a-86e3-734f65c495ba,https://cloudflare-imgbed-euu.pages.dev/file/thumbnails/1788075145860_ee11164d-8f5b-540a-86e3-734f65c495ba_300px_historic_centre_of_the_town_of_olinda.jpg,,local-unesco-thumb,
cbd8c555-58ca-5922-861d-0d3d74f0a7f9,https://cloudflare-imgbed-euu.pages.dev/file/thumbnails/1788075214439_cbd8c555-58ca-5922-861d-0d3d74f0a7f9_300px_pantanal_conservation_area.jpg,,local-unesco-thumb,
24b75939-1de1-5ae4-8a70-681f36b55cc6,https://cloudflare-imgbed-euu.pages.dev/file/thumbnails/1788075140659_24b75939-1de1-5ae4-8a70-681f36b55cc6_300px_rio_de_janeiro_carioca_landscapes_between_the_mountain_and_t.jpg,,local-unesco-thumb,
1cc4d6ed-165b-5729-a758-cb4c9c4909d8,https://cloudflare-imgbed-euu.pages.dev/file/thumbnails/1788075267920_1cc4d6ed-165b-5729-a758-cb4c9c4909d8_300px_peruaçu_river_canyon.jpg,,local-unesco-thumb,
bdc45943-9947-5e3c-8b81-96bcd5cb314b,https://cloudflare-imgbed-euu.pages.dev/file/thumbnails/1788075146412_bdc45943-9947-5e3c-8b81-96bcd5cb314b_300px_brasilia.jpg,,local-unesco-thumb,
cd0c653d-00d2-5188-8c05-609cb91847f1,https://cloudflare-imgbed-euu.pages.dev/file/thumbnails/1788075219565_cd0c653d-00d2-5188-8c05-609cb91847f1_300px_rila_monastery.jpg,,local-unesco-thumb,
c48e84b0-93cc-5fa2-81c2-16fc00f13117,https://cloudflare-imgbed-euu.pages.dev/file/thumbnails/1788075044905_c48e84b0-93cc-5fa2-81c2-16fc00f13117_300px_pampulha_modern_ensemble.jpg,,local-unesco-thumb,
82d831f8-16cc-5cfa-aeeb-afa6901af994,https://cloudflare-imgbed-euu.pages.dev/file/thumbnails/1788075025923_82d831f8-16cc-5cfa-aeeb-afa6901af994_300px_paraty_and_ilha_grande_culture_and_biodiversity.jpg,,local-unesco-thumb,
668888b1-1f32-592e-88fb-88d5c1c8c461,https://cloudflare-imgbed-euu.pages.dev/file/thumbnails/1788075069888_668888b1-1f32-592e-88fb-88d5c1c8c461_300px_valongo_wharf_archaeological_site.jpg,,local-unesco-thumb,
1d4ce33f-a93b-58e2-8d8e-ad5a8b52e6e7,https://cloudflare-imgbed-euu.pages.dev/file/thumbnails/1788075137290_1d4ce33f-a93b-58e2-8d8e-ad5a8b52e6e7_300px_sítio_roberto_burle_marx.jpg,,local-unesco-thumb,
849a7559-0ee9-550b-bbc4-63517becf9c2,https://cloudflare-imgbed-euu.pages.dev/file/thumbnails/1788075146675_849a7559-0ee9-550b-bbc4-63517becf9c2_300px_cidade_velha_historic_centre_of_ribeira_grande.jpg,,local-unesco-thumb,
82eeafa8-8313-5041-92e3-6958d620972e,https://cloudflare-imgbed-euu.pages.dev/file/thumbnails/1788075158197_82eeafa8-8313-5041-92e3-6958d620972e_300px_pirin_national_park.jpg,,local-unesco-thumb,
3fd25b7b-a037-5c62-8441-75fff5f5d5e7,https://cloudflare-imgbed-euu.pages.dev/file/thumbnails/1788075102057_3fd25b7b-a037-5c62-8441-75fff5f5d5e7_300px_diy_gid_biy_cultural_landscape_of_the_mandara_mountains.jpg,,local-unesco-thumb,
26f1f474-fe6f-5caa-b435-b1df5260b8aa,https://cloudflare-imgbed-euu.pages.dev/file/thumbnails/1788075296469_26f1f474-fe6f-5caa-b435-b1df5260b8aa_300px_dinosaur_provincial_park.jpg,,local-unesco-thumb,
4307a46a-498f-559a-8d5c-f2b250d25f5b,https://cloudflare-imgbed-euu.pages.dev/file/thumbnails/1788075035274_4307a46a-498f-559a-8d5c-f2b250d25f5b_300px_temple_zone_of_sambor_prei_kuk_archaeological_site_of_ancien.jpg,,local-unesco-thumb,
a354dd09-c7ce-5341-89ba-03698143d72b,https://cloudflare-imgbed-euu.pages.dev/file/thumbnails/1788075240261_a354dd09-c7ce-5341-89ba-03698143d72b_300px_lanse_aux_meadows_national_historic_site.jpg,,local-unesco-thumb,
bfd896a8-afa0-5298-b2dc-1142b7d881e6,https://cloudflare-imgbed-euu.pages.dev/file/thumbnails/1788075205498_bfd896a8-afa0-5298-b2dc-1142b7d881e6_300px_red_bay_basque_whaling_station.jpg,,local-unesco-thumb,
17020353-eb7c-5eab-8200-c330c69ecd99,https://cloudflare-imgbed-euu.pages.dev/file/thumbnails/1788075066157_17020353-eb7c-5eab-8200-c330c69ecd99_300px_koh_ker_archaeological_site_of_ancient_lingapura_or_chok_gar.jpg,,local-unesco-thumb,
f9747ada-b290-54b2-8438-cb8be3f27543,https://cloudflare-imgbed-euu.pages.dev/file/thumbnails/1788075326216_f9747ada-b290-54b2-8438-cb8be3f27543_300px_mistaken_point.jpg,,local-unesco-thumb,
e10daac9-7e8a-512e-bc45-ed0d17c8b693,https://cloudflare-imgbed-euu.pages.dev/file/thumbnails/1788075168499_e10daac9-7e8a-512e-bc45-ed0d17c8b693_300px_pimachiowin_aki.jpg,,local-unesco-thumb,
0fe2e4c6-f44c-5e19-bdfc-651db0cf2592,https://cloudflare-imgbed-euu.pages.dev/file/thumbnails/1788075128723_0fe2e4c6-f44c-5e19-bdfc-651db0cf2592_300px_writing_on_stone_áísínaipi.jpg,,local-unesco-thumb,
113c7fcc-766e-54e6-975b-bf96ec0ebd8b,https://cloudflare-imgbed-euu.pages.dev/file/thumbnails/1788075059651_113c7fcc-766e-54e6-975b-bf96ec0ebd8b_300px_churches_of_chiloé.jpg,,local-unesco-thumb,
6ea1b419-f17b-51ce-bc4e-05c0c99fa34e,https://cloudflare-imgbed-euu.pages.dev/file/thumbnails/1788075187570_6ea1b419-f17b-51ce-bc4e-05c0c99fa34e_300px_gros_morne_national_park.jpg,,local-unesco-thumb,
991304b5-f27f-5f33-8047-8da5ac06a90a,https://cloudflare-imgbed-euu.pages.dev/file/thumbnails/1788075097615_991304b5-f27f-5f33-8047-8da5ac06a90a_300px_beijing_central_axis_a_building_ensemble_exhibiting_the_idea.jpg,,local-unesco-thumb,
bbe29446-c553-5bff-b172-2d108393399e,https://cloudflare-imgbed-euu.pages.dev/file/thumbnails/1788075074811_bbe29446-c553-5bff-b172-2d108393399e_300px_sewell_mining_town.jpg,,local-unesco-thumb,
8d6b83b4-5177-5ffc-b3cc-2a3192bd9a8a,https://cloudflare-imgbed-euu.pages.dev/file/thumbnails/1788075257393_8d6b83b4-5177-5ffc-b3cc-2a3192bd9a8a_300px_trondëk_klondike.jpg,,local-unesco-thumb,
5536e8d9-509e-5e5d-ad87-15e744120365,https://cloudflare-imgbed-euu.pages.dev/file/thumbnails/1788075034876_5536e8d9-509e-5e5d-ad87-15e744120365_300px_ancient_villages_in_southern_anhui_xidi_and_hongcun.jpg,,local-unesco-thumb,
a4ea09d6-3519-5b6b-aeb5-51874bd7bd7f,https://cloudflare-imgbed-euu.pages.dev/file/thumbnails/1788075292265_a4ea09d6-3519-5b6b-aeb5-51874bd7bd7f_300px_huanglong_scenic_and_historic_interest_area.jpg,,local-unesco-thumb,
4b12cc71-0a7b-5c6e-985e-b90a9559858b,https://cloudflare-imgbed-euu.pages.dev/file/thumbnails/1788075045883_4b12cc71-0a7b-5c6e-985e-b90a9559858b_300px_china_danxia.jpg,,local-unesco-thumb,
d5e14baa-c016-5097-9d7c-77a0aa12df2a,https://cloudflare-imgbed-euu.pages.dev/file/thumbnails/1788075294972_d5e14baa-c016-5097-9d7c-77a0aa12df2a_300px_capital_cities_and_tombs_of_the_ancient_koguryo_kingdom.jpg,,local-unesco-thumb,
91ade584-c879-5d5b-883e-89b9bbf5e33b,https://cloudflare-imgbed-euu.pages.dev/file/thumbnails/1788075271936_91ade584-c879-5d5b-883e-89b9bbf5e33b_300px_historic_centre_of_macao.jpg,,local-unesco-thumb,
8aed97e2-f0df-53e5-9245-8c5b75594a63,https://cloudflare-imgbed-euu.pages.dev/file/thumbnails/1788075241775_8aed97e2-f0df-53e5-9245-8c5b75594a63_300px_chengjiang_fossil_site.jpg,,local-unesco-thumb,
7a14f740-dcf7-5560-bf6d-77a79c4453e2,https://cloudflare-imgbed-euu.pages.dev/file/thumbnails/1788075196966_7a14f740-dcf7-5560-bf6d-77a79c4453e2_300px_fujian_emtulouem.jpg,,local-unesco-thumb,
fee112b2-5e8d-5f4e-8861-ecda215b17ed,https://cloudflare-imgbed-euu.pages.dev/file/thumbnails/1788075241469_fee112b2-5e8d-5f4e-8861-ecda215b17ed_300px_archaeological_ruins_of_liangzhu_city.jpg,,local-unesco-thumb,
7eb415c7-61a1-5d0d-bf6e-b2fcb9f7302a,https://cloudflare-imgbed-euu.pages.dev/file/thumbnails/1788075022124_7eb415c7-61a1-5d0d-bf6e-b2fcb9f7302a_300px_historic_monuments_of_dengfeng_in_the_centre_of_heaven_and_e.jpg,,local-unesco-thumb,
c6eef44e-a1e3-5b5b-bfce-f6ad9d025e52,https://cloudflare-imgbed-euu.pages.dev/file/thumbnails/1788075308306_c6eef44e-a1e3-5b5b-bfce-f6ad9d025e52_300px_imperial_palaces_of_the_ming_and_qing_dynasties_in_beijing_a.jpg,,local-unesco-thumb,
617a33a2-c849-559b-b2d6-ee6f73d2a69f,https://cloudflare-imgbed-euu.pages.dev/file/thumbnails/1788075168768_617a33a2-c849-559b-b2d6-ee6f73d2a69f_300px_mausoleum_of_the_first_qin_emperor.jpg,,local-unesco-thumb,
0386407b-1932-5538-942e-6336561d843f,https://cloudflare-imgbed-euu.pages.dev/file/thumbnails/1788075168402_0386407b-1932-5538-942e-6336561d843f_300px_mount_taishan.jpg,,local-unesco-thumb,
2f0656ce-bef2-5e66-9db1-9703384a2739,https://cloudflare-imgbed-euu.pages.dev/file/thumbnails/1788075164707_2f0656ce-bef2-5e66-9db1-9703384a2739_300px_kulangsu_a_historic_international_settlement.jpg,,local-unesco-thumb,
788fda98-ee34-54ba-9ab8-33ab6adafaf7,https://cloudflare-imgbed-euu.pages.dev/file/thumbnails/1788075012328_788fda98-ee34-54ba-9ab8-33ab6adafaf7_300px_nahanni_national_park.jpg,,local-unesco-thumb,
72e054a1-eb00-5575-a2ff-6e7ebb434258,https://cloudflare-imgbed-euu.pages.dev/file/thumbnails/1788075027449_72e054a1-eb00-5575-a2ff-6e7ebb434258_300px_mount_wutai.jpg,,local-unesco-thumb,
bf92e5e8-3810-53b4-97de-2cafc05dadd4,https://cloudflare-imgbed-euu.pages.dev/file/thumbnails/1788075080329_bf92e5e8-3810-53b4-97de-2cafc05dadd4_300px_mount_huangshan.jpg,,local-unesco-thumb,
47a63474-0693-5d4f-9f2c-28099a6f5656,https://cloudflare-imgbed-euu.pages.dev/file/thumbnails/1788075176445_47a63474-0693-5d4f-9f2c-28099a6f5656_300px_lushan_national_park.jpg,,local-unesco-thumb,
808f3157-8d98-5f2d-bfa8-31fa346cba45,https://cloudflare-imgbed-euu.pages.dev/file/thumbnails/1788075313851_808f3157-8d98-5f2d-bfa8-31fa346cba45_300px_south_china_karst.jpg,,local-unesco-thumb,
40ea7c05-dfbc-58eb-856b-d9c6943bee3f,https://cloudflare-imgbed-euu.pages.dev/file/thumbnails/1788075305200_40ea7c05-dfbc-58eb-856b-d9c6943bee3f_300px_summer_palace_an_imperial_garden_in_beijing.jpg,,local-unesco-thumb,
7b5ffff3-c9c9-52dc-a3a0-cb5f429999e9,https://cloudflare-imgbed-euu.pages.dev/file/thumbnails/1788075117013_7b5ffff3-c9c9-52dc-a3a0-cb5f429999e9_300px_the_grand_canal.jpg,,local-unesco-thumb,
b8c07149-7b08-5784-baf7-c8e7b23e5a17,https://cloudflare-imgbed-euu.pages.dev/file/thumbnails/1788075156447_b8c07149-7b08-5784-baf7-c8e7b23e5a17_300px_temple_of_heaven_an_imperial_sacrificial_altar_in_beijing.jpg,,local-unesco-thumb,
abdae36c-4d52-516d-b307-1260d5d349cb,https://cloudflare-imgbed-euu.pages.dev/file/thumbnails/1788075058369_abdae36c-4d52-516d-b307-1260d5d349cb_300px_yungang_grottoes.jpg,,local-unesco-thumb,
a927fbad-d05a-5e5e-b9b9-27e5bcd35cef,https://cloudflare-imgbed-euu.pages.dev/file/thumbnails/1788075057965_a927fbad-d05a-5e5e-b9b9-27e5bcd35cef_300px_peking_man_site_at_zhoukoudian.jpg,,local-unesco-thumb,
475aa0bc-0f43-532b-b737-e37b0a3317bc,https://cloudflare-imgbed-euu.pages.dev/file/thumbnails/1788075025226_475aa0bc-0f43-532b-b737-e37b0a3317bc_300px_migratory_bird_sanctuaries_along_the_coast_of_yellow_sea_boh.jpg,,local-unesco-thumb,
6ff80a00-4e6d-58ef-ab1a-c70257ff6aba,https://cloudflare-imgbed-euu.pages.dev/file/thumbnails/1788075283878_6ff80a00-4e6d-58ef-ab1a-c70257ff6aba_300px_malpelo_fauna_and_flora_sanctuary.jpg,,local-unesco-thumb,
5488c3d1-d242-5e25-aaae-37ef27e11b0c,https://cloudflare-imgbed-euu.pages.dev/file/thumbnails/1788075044196_5488c3d1-d242-5e25-aaae-37ef27e11b0c_300px_coffee_cultural_landscape_of_colombia.jpg,,local-unesco-thumb,
90c403f8-9801-540d-b4f5-39cee2c5bef3,https://cloudflare-imgbed-euu.pages.dev/file/thumbnails/1788075316310_90c403f8-9801-540d-b4f5-39cee2c5bef3_300px_historic_centre_of_santa_cruz_de_mompox.jpg,,local-unesco-thumb,
10ededf2-6adc-556f-bbd8-0dc6e0ce4085,https://cloudflare-imgbed-euu.pages.dev/file/thumbnails/1788075268973_10ededf2-6adc-556f-bbd8-0dc6e0ce4085_300px_zuojiang_huashan_rock_art_cultural_landscape.jpg,,local-unesco-thumb,
a65fa903-665d-583f-b3f0-67a1d35f7096,https://cloudflare-imgbed-euu.pages.dev/file/thumbnails/1788075210332_a65fa903-665d-583f-b3f0-67a1d35f7096_300px_historic_town_of_grand_bassam.jpg,,local-unesco-thumb,
f3e93a89-25bc-59aa-b1a8-f6321b17d67f,https://cloudflare-imgbed-euu.pages.dev/file/thumbnails/1788075277698_f3e93a89-25bc-59aa-b1a8-f6321b17d67f_300px_cocos_island_national_park.jpg,,local-unesco-thumb,
411a98f5-498d-5100-8c2f-e64483985d09,https://cloudflare-imgbed-euu.pages.dev/file/thumbnails/1788075219568_411a98f5-498d-5100-8c2f-e64483985d09_300px_xixia_imperial_tombs.jpg,,local-unesco-thumb,
3efa6e31-56b5-5f5f-9456-b3b5d3620002,https://cloudflare-imgbed-euu.pages.dev/file/thumbnails/1788075081224_3efa6e31-56b5-5f5f-9456-b3b5d3620002_300px_historic_city_of_trogir.jpg,,local-unesco-thumb,
bafec12d-9174-525b-8411-053e3fbcb007,https://cloudflare-imgbed-euu.pages.dev/file/thumbnails/1788075139345_bafec12d-9174-525b-8411-053e3fbcb007_300px_sudanese_style_mosques_in_northern_côte_divoire.jpg,,local-unesco-thumb,
675a9783-885b-5017-8b25-6d849b4b0649,https://cloudflare-imgbed-euu.pages.dev/file/thumbnails/1788075026678_675a9783-885b-5017-8b25-6d849b4b0649_300px_old_city_of_dubrovnik.jpg,,local-unesco-thumb,
0188c3bc-d8dd-5e83-9551-a56300d98ba9,https://cloudflare-imgbed-euu.pages.dev/file/thumbnails/1788075261906_0188c3bc-d8dd-5e83-9551-a56300d98ba9_300px_trinidad_and_the_valley_de_los_ingenios.jpg,,local-unesco-thumb,
de16dd10-b473-5eee-8c83-7e5e33ee29e3,https://cloudflare-imgbed-euu.pages.dev/file/thumbnails/1788075206346_de16dd10-b473-5eee-8c83-7e5e33ee29e3_300px_paphos.jpg,,local-unesco-thumb,
14132088-33b0-52f4-8cf2-08e8e571441a,https://cloudflare-imgbed-euu.pages.dev/file/thumbnails/1788075167792_14132088-33b0-52f4-8cf2-08e8e571441a_300px_viñales_valley.jpg,,local-unesco-thumb,
755124a8-5ece-5622-a4e0-35230e3202b6,https://cloudflare-imgbed-euu.pages.dev/file/thumbnails/1788075238679_755124a8-5ece-5622-a4e0-35230e3202b6_300px_pilgrimage_church_of_st_john_of_nepomuk_at_zelená_hora.jpg,,local-unesco-thumb,
0563c4ca-2e5e-588a-bbe7-49d5cd6eed09,https://cloudflare-imgbed-euu.pages.dev/file/thumbnails/1788075105054_0563c4ca-2e5e-588a-bbe7-49d5cd6eed09_300px_jewish_quarter_and_st_procopius_basilica_in_třebíč.jpg,,local-unesco-thumb,
ec101f04-b5d4-5eb3-bf5a-5a88e435a1a2,https://cloudflare-imgbed-euu.pages.dev/file/thumbnails/1788075118512_ec101f04-b5d4-5eb3-bf5a-5a88e435a1a2_300px_lednice_valtice_cultural_landscape.jpg,,local-unesco-thumb,
f1ec5577-5e00-529d-a0a2-6d6d79581a51,https://cloudflare-imgbed-euu.pages.dev/file/thumbnails/1788075320119_f1ec5577-5e00-529d-a0a2-6d6d79581a51_300px_old_havana_and_its_fortification_system.jpg,,local-unesco-thumb,
ce133cd1-e28e-55a6-bf09-8745085ab81b,https://cloudflare-imgbed-euu.pages.dev/file/thumbnails/1788075064906_ce133cd1-e28e-55a6-bf09-8745085ab81b_300px_complex_of_koguryo_tombs.jpg,,local-unesco-thumb,
9db29a7d-125b-572d-8b17-3eb85b8646ab,https://cloudflare-imgbed-euu.pages.dev/file/thumbnails/1788075124039_9db29a7d-125b-572d-8b17-3eb85b8646ab_300px_virunga_national_park.jpg,,local-unesco-thumb,
0e5381e9-f763-52c6-9c53-3826f52b1f1f,https://cloudflare-imgbed-euu.pages.dev/file/thumbnails/1788075259686_0e5381e9-f763-52c6-9c53-3826f52b1f1f_300px_žatec_and_the_landscape_of_saaz_hops.jpg,,local-unesco-thumb,
4f34341c-6302-5764-a720-a994424b47a9,https://cloudflare-imgbed-euu.pages.dev/file/thumbnails/1788075228633_4f34341c-6302-5764-a720-a994424b47a9_300px_ilulissat_icefjord.jpg,,local-unesco-thumb,
1dad8cd6-1683-5eb5-b27c-51d9bf6efda4,https://cloudflare-imgbed-euu.pages.dev/file/thumbnails/1788075191330_1dad8cd6-1683-5eb5-b27c-51d9bf6efda4_300px_kronborg_castle.jpg,,local-unesco-thumb,
30e7bdbc-f4d0-5740-8c20-c0f8ea4e42f5,https://cloudflare-imgbed-euu.pages.dev/file/thumbnails/1788075064764_30e7bdbc-f4d0-5740-8c20-c0f8ea4e42f5_300px_stevns_klint.jpg,,local-unesco-thumb,
0ff7a67c-d00d-5b74-9a35-0c4d2f7ad73e,https://cloudflare-imgbed-euu.pages.dev/file/thumbnails/1788075081277_0ff7a67c-d00d-5b74-9a35-0c4d2f7ad73e_300px_colonial_city_of_santo_domingo.jpg,,local-unesco-thumb,
eee77f58-9204-5816-ae06-b558db1a22e7,https://cloudflare-imgbed-euu.pages.dev/file/thumbnails/1788075280277_eee77f58-9204-5816-ae06-b558db1a22e7_300px_melka_kunture_and_balchit_archaeological_and_palaeontologica.jpg,,local-unesco-thumb,
7856c2fa-d7fd-5d07-bd0d-f5c51e7ca830,https://cloudflare-imgbed-euu.pages.dev/file/thumbnails/1788075152427_7856c2fa-d7fd-5d07-bd0d-f5c51e7ca830_300px_the_par_force_hunting_landscape_in_north_zealand.jpg,,local-unesco-thumb,
d2787369-3f45-5eba-a3b0-6debe6b27f28,https://cloudflare-imgbed-euu.pages.dev/file/thumbnails/1788075109969_d2787369-3f45-5eba-a3b0-6debe6b27f28_300px_pyrénées_mont_perdu.jpg,,local-unesco-thumb,
db4bf14e-622b-5fc5-8bda-50f10dd18562,https://cloudflare-imgbed-euu.pages.dev/file/thumbnails/1788075281155_db4bf14e-622b-5fc5-8bda-50f10dd18562_300px_city_of_quito.jpg,,local-unesco-thumb,
2ed56c5b-0ac4-5ab2-9ebf-6eacc2d5a7a6,https://cloudflare-imgbed-euu.pages.dev/file/thumbnails/1788075239726_2ed56c5b-0ac4-5ab2-9ebf-6eacc2d5a7a6_300px_viking_age_ring_fortresses.jpg,,local-unesco-thumb,
f725c9c8-2452-524b-a052-234a2892f5f8,https://cloudflare-imgbed-euu.pages.dev/file/thumbnails/1788075187642_f725c9c8-2452-524b-a052-234a2892f5f8_300px_quanzhou_emporium_of_the_world_in_song_yuan_china.jpg,,local-unesco-thumb,
314d21b3-9ea5-5fab-af3b-e6ea287001ef,https://cloudflare-imgbed-euu.pages.dev/file/thumbnails/1788075076023_314d21b3-9ea5-5fab-af3b-e6ea287001ef_300px_nubian_monuments_from_abu_simbel_to_philae.jpg,,local-unesco-thumb,
31e192ab-0ae1-549a-8332-ce319f3130de,https://cloudflare-imgbed-euu.pages.dev/file/thumbnails/1788075119148_31e192ab-0ae1-549a-8332-ce319f3130de_300px_memphis_and_its_necropolis_the_pyramid_fields_from_giza_to_d.jpg,,local-unesco-thumb,
6fd70caf-1b47-5032-a856-8393cc6e82f6,https://cloudflare-imgbed-euu.pages.dev/file/thumbnails/1788075105717_6fd70caf-1b47-5032-a856-8393cc6e82f6_300px_harar_jugol_the_fortified_historic_town.jpg,,local-unesco-thumb,
6c98971a-783f-56f0-9132-05fd6ea74c3c,https://cloudflare-imgbed-euu.pages.dev/file/thumbnails/1788075217541_6c98971a-783f-56f0-9132-05fd6ea74c3c_300px_historic_cairo.jpg,,local-unesco-thumb,
f895471c-07d5-5efc-8aaa-abf142af2b37,https://cloudflare-imgbed-euu.pages.dev/file/thumbnails/1788075061567_f895471c-07d5-5efc-8aaa-abf142af2b37_300px_wadi_al_hitan_whale_valley.jpg,,local-unesco-thumb,
4b3c1f45-2db5-5676-9669-793c74bac01d,https://cloudflare-imgbed-euu.pages.dev/file/thumbnails/1788075273917_4b3c1f45-2db5-5676-9669-793c74bac01d_300px_tiya.jpg,,local-unesco-thumb,
f674b50e-a157-5fe1-b594-8f3f020c1edb,https://cloudflare-imgbed-euu.pages.dev/file/thumbnails/1788075051872_f674b50e-a157-5fe1-b594-8f3f020c1edb_300px_bale_mountains_national_park.jpg,,local-unesco-thumb,
b6e7997d-b02c-531a-a03b-9906b7c45b54,https://cloudflare-imgbed-euu.pages.dev/file/thumbnails/1788075082221_b6e7997d-b02c-531a-a03b-9906b7c45b54_300px_high_coast_kvarken_archipelago.jpg,,local-unesco-thumb,
eedb4846-72de-52d9-9874-ef9ca6d12d7d,https://cloudflare-imgbed-euu.pages.dev/file/thumbnails/1788075117230_eedb4846-72de-52d9-9874-ef9ca6d12d7d_300px_bronze_age_burial_site_of_sammallahdenmäki.jpg,,local-unesco-thumb,
d44eed96-64e2-5274-96a5-8dd8793a6053,https://cloudflare-imgbed-euu.pages.dev/file/thumbnails/1788075057322_d44eed96-64e2-5274-96a5-8dd8793a6053_300px_arles_roman_and_romanesque_monuments.jpg,,local-unesco-thumb,
d1d36bee-31bd-532f-ac31-2faba82c42f2,https://cloudflare-imgbed-euu.pages.dev/file/thumbnails/1788075244648_d1d36bee-31bd-532f-ac31-2faba82c42f2_300px_amiens_cathedral.jpg,,local-unesco-thumb,
084a1305-ab99-573d-bc9c-2d160ded44f3,https://cloudflare-imgbed-euu.pages.dev/file/thumbnails/1788075306756_084a1305-ab99-573d-bc9c-2d160ded44f3_300px_canal_du_midi.jpg,,local-unesco-thumb,
69418c08-6468-527a-9203-a11da8a67da6,https://cloudflare-imgbed-euu.pages.dev/file/thumbnails/1788075208461_69418c08-6468-527a-9203-a11da8a67da6_300px_cathedral_of_notre_dame_former_abbey_of_saint_rémi_and_palac.jpg,,local-unesco-thumb,
96b9570d-7f27-57ff-ab68-a97d84ac5a20,https://cloudflare-imgbed-euu.pages.dev/file/thumbnails/1788075328126_96b9570d-7f27-57ff-ab68-a97d84ac5a20_300px_cistercian_abbey_of_fontenay.jpg,,local-unesco-thumb,
0028e2d6-e5c8-5dff-8235-40007d7aaf4d,https://cloudflare-imgbed-euu.pages.dev/file/thumbnails/1788075207135_0028e2d6-e5c8-5dff-8235-40007d7aaf4d_300px_decorated_cave_of_pont_darc_known_as_grotte_chauvet_pont_dar.jpg,,local-unesco-thumb,
19f0d965-e16c-5512-a0f2-a84b377aafeb,https://cloudflare-imgbed-euu.pages.dev/file/thumbnails/1788075106733_19f0d965-e16c-5512-a0f2-a84b377aafeb_300px_from_the_great_saltworks_of_salins_les_bains_to_the_royal_sa.jpg,,local-unesco-thumb,
05067ab2-abe9-5bb1-b20b-377eec92bf14,https://cloudflare-imgbed-euu.pages.dev/file/thumbnails/1788075177163_05067ab2-abe9-5bb1-b20b-377eec92bf14_300px_place_stanislas_place_de_la_carrière_and_place_dalliance_in.jpg,,local-unesco-thumb,
08719c71-c73f-54d3-a09b-9d9a3d06eb26,https://cloudflare-imgbed-euu.pages.dev/file/thumbnails/1788075193055_08719c71-c73f-54d3-a09b-9d9a3d06eb26_300px_gulf_of_porto_calanche_of_piana_gulf_of_girolata_scandola_re.jpg,,local-unesco-thumb,
e2d7b454-21ec-56a7-82d6-a34df11a56e8,https://cloudflare-imgbed-euu.pages.dev/file/thumbnails/1788075322014_e2d7b454-21ec-56a7-82d6-a34df11a56e8_300px_chartres_cathedral.jpg,,local-unesco-thumb,
b19f5dbc-1178-54f6-8cc0-9ab6d6e16fb9,https://cloudflare-imgbed-euu.pages.dev/file/thumbnails/1788075138772_b19f5dbc-1178-54f6-8cc0-9ab6d6e16fb9_300px_episcopal_city_of_albi.jpg,,local-unesco-thumb,
3b875d28-89ac-5479-89bd-30277d5383b7,https://cloudflare-imgbed-euu.pages.dev/file/thumbnails/1788075110237_3b875d28-89ac-5479-89bd-30277d5383b7_300px_historic_centre_of_avignon_papal_palace_episcopal_ensemble_a.jpg,,local-unesco-thumb,
24b85bb7-5e5b-5a58-b197-aef716b1341a,https://cloudflare-imgbed-euu.pages.dev/file/thumbnails/1788075143736_24b85bb7-5e5b-5a58-b197-aef716b1341a_300px_historic_site_of_lyon.jpg,,local-unesco-thumb,
8583dd73-2088-514b-a105-1207d20e2eb1,https://cloudflare-imgbed-euu.pages.dev/file/thumbnails/1788075226423_8583dd73-2088-514b-a105-1207d20e2eb1_300px_nice_winter_resort_town_of_the_riviera.jpg,,local-unesco-thumb,
27c93e61-ef06-58e9-a434-dbae4d48d703,https://cloudflare-imgbed-euu.pages.dev/file/thumbnails/1788075011792_27c93e61-ef06-58e9-a434-dbae4d48d703_300px_cordouan_lighthouse.jpg,,local-unesco-thumb,
eeef3fc7-219f-5903-a251-8accc3959941,https://cloudflare-imgbed-euu.pages.dev/file/thumbnails/1788075254201_eeef3fc7-219f-5903-a251-8accc3959941_300px_pont_du_gard_roman_aqueduct.jpg,,local-unesco-thumb,
f49d4624-c390-5e94-8c41-fd661b2e063a,https://cloudflare-imgbed-euu.pages.dev/file/thumbnails/1788075266125_f49d4624-c390-5e94-8c41-fd661b2e063a_300px_routes_of_santiago_de_compostela_in_france.jpg,,local-unesco-thumb,
f7d89ebc-3989-5500-8b50-ed6ea0d423e7,https://cloudflare-imgbed-euu.pages.dev/file/thumbnails/1788075303577_f7d89ebc-3989-5500-8b50-ed6ea0d423e7_300px_vézelay_church_and_hill.jpg,,local-unesco-thumb,
6604351a-5aa0-55e1-9406-d2ff1aef657c,https://cloudflare-imgbed-euu.pages.dev/file/thumbnails/1788075317158_6604351a-5aa0-55e1-9406-d2ff1aef657c_300px_prehistoric_sites_and_decorated_caves_of_the_vézère_valley.jpg,,local-unesco-thumb,
236a8493-64b3-519b-a3f6-28cd018bc2a9,https://cloudflare-imgbed-euu.pages.dev/file/thumbnails/1788075310768_236a8493-64b3-519b-a3f6-28cd018bc2a9_300px_stone_circles_of_senegambia.jpg,,local-unesco-thumb,
3f7b181a-3869-5e52-8ad4-ffe78541cd9c,https://cloudflare-imgbed-euu.pages.dev/file/thumbnails/1788075227433_3f7b181a-3869-5e52-8ad4-ffe78541cd9c_300px_moravian_church_settlements.jpg,,local-unesco-thumb,
f9a13495-1c3d-5fc0-8ac5-bd7fa838ff29,https://cloudflare-imgbed-euu.pages.dev/file/thumbnails/1788075279703_f9a13495-1c3d-5fc0-8ac5-bd7fa838ff29_300px_bauhaus_and_its_sites_in_weimar_dessau_and_bernau.jpg,,local-unesco-thumb,
ed7c22d0-b3ab-5396-b67e-ecce33bd87fd,https://cloudflare-imgbed-euu.pages.dev/file/thumbnails/1788075228316_ed7c22d0-b3ab-5396-b67e-ecce33bd87fd_300px_te_henua_enata_the_marquesas_islands.jpg,,local-unesco-thumb,
67750fdb-0f32-54c8-ad8d-8fdefb55e777,https://cloudflare-imgbed-euu.pages.dev/file/thumbnails/1788075136332_67750fdb-0f32-54c8-ad8d-8fdefb55e777_300px_berlin_modernism_housing_estates.jpg,,local-unesco-thumb,
74ac43c2-9953-54a9-9bea-b9577fd055ae,https://cloudflare-imgbed-euu.pages.dev/file/thumbnails/1788075179252_74ac43c2-9953-54a9-9bea-b9577fd055ae_300px_historic_centres_of_stralsund_and_wismar.jpg,,local-unesco-thumb,
98c86c10-998f-593b-b7c7-2ac88ec09699,https://cloudflare-imgbed-euu.pages.dev/file/thumbnails/1788075155376_98c86c10-998f-593b-b7c7-2ac88ec09699_300px_fagus_factory_in_alfeld.jpg,,local-unesco-thumb,
23edad02-ef54-5bfd-bdf7-4ab9481c5712,https://cloudflare-imgbed-euu.pages.dev/file/thumbnails/1788075041093_23edad02-ef54-5bfd-bdf7-4ab9481c5712_300px_monastic_island_of_reichenau.jpg,,local-unesco-thumb,
aeb7250e-410b-50cb-8df7-bb15b4129f29,https://cloudflare-imgbed-euu.pages.dev/file/thumbnails/1788075156715_aeb7250e-410b-50cb-8df7-bb15b4129f29_300px_archaeological_border_complex_of_hedeby_and_the_danevirke.jpg,,local-unesco-thumb,
454283b9-60ec-5c9e-a9a0-5b5497a458ec,https://cloudflare-imgbed-euu.pages.dev/file/thumbnails/1788075299490_454283b9-60ec-5c9e-a9a0-5b5497a458ec_300px_roman_monuments_cathedral_of_st_peter_and_church_of_our_lady.jpg,,local-unesco-thumb,
51cf0827-c6fb-55ef-a643-18ea13a6e14c,https://cloudflare-imgbed-euu.pages.dev/file/thumbnails/1788075099794_51cf0827-c6fb-55ef-a643-18ea13a6e14c_300px_caves_and_ice_age_art_in_the_swabian_jura.jpg,,local-unesco-thumb,
9afc7871-c7b5-5387-904b-43609a9164b7,https://cloudflare-imgbed-euu.pages.dev/file/thumbnails/1788075034679_9afc7871-c7b5-5387-904b-43609a9164b7_300px_st_marys_cathedral_and_st_michaels_church_at_hildesheim.jpg,,local-unesco-thumb,
1d4f4dbf-6444-5549-992a-7f7d84d36b73,https://cloudflare-imgbed-euu.pages.dev/file/thumbnails/1788075304537_1d4f4dbf-6444-5549-992a-7f7d84d36b73_300px_speicherstadt_and_kontorhaus_district_with_chilehaus.jpg,,local-unesco-thumb,
068224ac-2b11-50ae-8cb9-7108e589715c,https://cloudflare-imgbed-euu.pages.dev/file/thumbnails/1788075302110_068224ac-2b11-50ae-8cb9-7108e589715c_300px_zollverein_coal_mine_industrial_complex_in_essen.jpg,,local-unesco-thumb,
92ba1cac-3096-5644-bb30-579b52509e3f,https://cloudflare-imgbed-euu.pages.dev/file/thumbnails/1788075308375_92ba1cac-3096-5644-bb30-579b52509e3f_300px_wartburg_castle.jpg,,local-unesco-thumb,
238d626a-d563-549e-bdbd-017a49086293,https://cloudflare-imgbed-euu.pages.dev/file/thumbnails/1788075112838_238d626a-d563-549e-bdbd-017a49086293_300px_archaeological_sites_of_mycenae_and_tiryns.jpg,,local-unesco-thumb,
61c1ff2b-3753-5aa5-ae8b-8adf2e89d6bc,https://cloudflare-imgbed-euu.pages.dev/file/thumbnails/1788075174747_61c1ff2b-3753-5aa5-ae8b-8adf2e89d6bc_300px_meteora.jpg,,local-unesco-thumb,
57ba509e-b0a1-52ec-a32e-866774e26e0a,https://cloudflare-imgbed-euu.pages.dev/file/thumbnails/1788075030310_57ba509e-b0a1-52ec-a32e-866774e26e0a_300px_medieval_city_of_rhodes.jpg,,local-unesco-thumb,
c444ca16-608d-5b2d-ba93-d0212aaef29a,https://cloudflare-imgbed-euu.pages.dev/file/thumbnails/1788075060936_c444ca16-608d-5b2d-ba93-d0212aaef29a_300px_the_palaces_of_king_ludwig_ii_of_bavaria_neuschwanstein_lind.jpg,,local-unesco-thumb,
69573a85-fe62-5ab5-ad0b-85ca74936e25,https://cloudflare-imgbed-euu.pages.dev/file/thumbnails/1788075107377_69573a85-fe62-5ab5-ad0b-85ca74936e25_300px_national_history_park_citadel_sans_souci_ramiers.jpg,,local-unesco-thumb,
beea1901-4bcd-5606-bbd8-3b4fe140bceb,https://cloudflare-imgbed-euu.pages.dev/file/thumbnails/1788075206273_beea1901-4bcd-5606-bbd8-3b4fe140bceb_300px_maya_site_of_copan.jpg,,local-unesco-thumb,
0b21214a-88f9-50b8-aefb-11fffe1d9284,https://cloudflare-imgbed-euu.pages.dev/file/thumbnails/1788075252223_0b21214a-88f9-50b8-aefb-11fffe1d9284_300px_tokaj_wine_region_historic_cultural_landscape.jpg,,local-unesco-thumb,
cb863b6a-fb44-5e46-beaa-25ce0f181b71,https://cloudflare-imgbed-euu.pages.dev/file/thumbnails/1788075094280_cb863b6a-fb44-5e46-beaa-25ce0f181b71_300px_naumburg_cathedral.jpg,,local-unesco-thumb,
d1bd5311-c9ae-5940-9a63-ea23340c9fb6,https://cloudflare-imgbed-euu.pages.dev/file/thumbnails/1788075238045_d1bd5311-c9ae-5940-9a63-ea23340c9fb6_300px_agra_fort.jpg,,local-unesco-thumb,
9faba097-e628-5558-89ad-034120c9d6ae,https://cloudflare-imgbed-euu.pages.dev/file/thumbnails/1788075264469_9faba097-e628-5558-89ad-034120c9d6ae_300px_group_of_monuments_at_mahabalipuram.jpg,,local-unesco-thumb,
b18968c1-216e-5824-9036-7262d1823d1b,https://cloudflare-imgbed-euu.pages.dev/file/thumbnails/1788075107509_b18968c1-216e-5824-9036-7262d1823d1b_300px_qutb_minar_and_its_monuments_delhi.jpg,,local-unesco-thumb,
3956ac9b-20b8-55e3-a36b-ad089a8661e9,https://cloudflare-imgbed-euu.pages.dev/file/thumbnails/1788075259332_3956ac9b-20b8-55e3-a36b-ad089a8661e9_300px_vatnajökull_national_park_dynamic_nature_of_fire_and_ice.jpg,,local-unesco-thumb,
911904fa-88f0-559c-852b-1829358a2096,https://cloudflare-imgbed-euu.pages.dev/file/thumbnails/1788075027320_911904fa-88f0-559c-852b-1829358a2096_300px_sacred_ensembles_of_the_hoysalas.jpg,,local-unesco-thumb,
898596de-43ec-5789-8a1e-f806bd206b0f,https://cloudflare-imgbed-euu.pages.dev/file/thumbnails/1788075228094_898596de-43ec-5789-8a1e-f806bd206b0f_300px_western_ghats.jpg,,local-unesco-thumb,
c80eb334-ec85-5309-8fc5-fcbadc5103db,https://cloudflare-imgbed-euu.pages.dev/file/thumbnails/1788075057285_c80eb334-ec85-5309-8fc5-fcbadc5103db_300px_jaipur_city_rajasthan.jpg,,local-unesco-thumb,
79aff9d7-b2ea-564a-90c6-d0c8d7503ae4,https://cloudflare-imgbed-euu.pages.dev/file/thumbnails/1788075258625_79aff9d7-b2ea-564a-90c6-d0c8d7503ae4_300px_the_jantar_mantar_jaipur.jpg,,local-unesco-thumb,
e7bf18a0-b9c7-59f1-9a33-2bc97c47a6f5,https://cloudflare-imgbed-euu.pages.dev/file/thumbnails/1788075163851_e7bf18a0-b9c7-59f1-9a33-2bc97c47a6f5_300px_the_cosmological_axis_of_yogyakarta_and_its_historic_landmar.jpg,,local-unesco-thumb,
98669d53-ffa6-5cf2-9e79-d762ce17d389,https://cloudflare-imgbed-euu.pages.dev/file/thumbnails/1788075205018_98669d53-ffa6-5cf2-9e79-d762ce17d389_300px_sangiran_early_man_site.jpg,,local-unesco-thumb,
15dd97ce-be34-52a8-8caf-4a3343776505,https://cloudflare-imgbed-euu.pages.dev/file/thumbnails/1788075044258_15dd97ce-be34-52a8-8caf-4a3343776505_300px_bisotun.jpg,,local-unesco-thumb,
eb66f475-48fb-591f-86e3-c54879019145,https://cloudflare-imgbed-euu.pages.dev/file/thumbnails/1788075032421_eb66f475-48fb-591f-86e3-c54879019145_300px_bam_and_its_cultural_landscape.jpg,,local-unesco-thumb,
be85af4d-1596-5fa1-9943-5b559122d31d,https://cloudflare-imgbed-euu.pages.dev/file/thumbnails/1788075289510_be85af4d-1596-5fa1-9943-5b559122d31d_300px_golestan_palace.jpg,,local-unesco-thumb,
3d102784-0711-5ec8-9e35-c7177ec33439,https://cloudflare-imgbed-euu.pages.dev/file/thumbnails/1788075148708_3d102784-0711-5ec8-9e35-c7177ec33439_300px_cultural_landscape_of_maymand.jpg,,local-unesco-thumb,
ffeba7df-82cb-5669-8024-0e8a4677018e,https://cloudflare-imgbed-euu.pages.dev/file/thumbnails/1788075305651_ffeba7df-82cb-5669-8024-0e8a4677018e_300px_santiniketan.jpg,,local-unesco-thumb,
5e902f10-839c-5ef9-a45f-2a14fd5ce5be,https://cloudflare-imgbed-euu.pages.dev/file/thumbnails/1788075082622_5e902f10-839c-5ef9-a45f-2a14fd5ce5be_300px_masjed_e_jāmé_of_isfahan.jpg,,local-unesco-thumb,
88520cdb-c308-54cd-b886-2a108776869c,https://cloudflare-imgbed-euu.pages.dev/file/thumbnails/1788075158209_88520cdb-c308-54cd-b886-2a108776869c_300px_soltaniyeh.jpg,,local-unesco-thumb,
f6f8ebe8-c164-5b43-8843-32092654fec7,https://cloudflare-imgbed-euu.pages.dev/file/thumbnails/1788075227133_f6f8ebe8-c164-5b43-8843-32092654fec7_300px_meidan_emam_esfahan.jpg,,local-unesco-thumb,
afed927f-f966-5a51-87ff-6c766ecdb1e2,https://cloudflare-imgbed-euu.pages.dev/file/thumbnails/1788075273836_afed927f-f966-5a51-87ff-6c766ecdb1e2_300px_hegmataneh.jpg,,local-unesco-thumb,
1a6e474a-3333-5e21-89ce-af488bb82df9,https://cloudflare-imgbed-euu.pages.dev/file/thumbnails/1788075132321_1a6e474a-3333-5e21-89ce-af488bb82df9_300px_shahr_i_sokhta.jpg,,local-unesco-thumb,
0ba9832d-71dd-56be-9169-639620f4fc4d,https://cloudflare-imgbed-euu.pages.dev/file/thumbnails/1788075318790_0ba9832d-71dd-56be-9169-639620f4fc4d_300px_moidams_the_mound_burial_system_of_the_ahom_dynasty.jpg,,local-unesco-thumb,
7bab574c-8b7a-5a2a-9b39-740b171266b8,https://cloudflare-imgbed-euu.pages.dev/file/thumbnails/1788075218724_7bab574c-8b7a-5a2a-9b39-740b171266b8_300px_prehistoric_sites_of_the_khorramabad_valley.jpg,,local-unesco-thumb,
19f7f79a-61eb-562c-8ca4-ef62003e66fa,https://cloudflare-imgbed-euu.pages.dev/file/thumbnails/1788075226571_19f7f79a-61eb-562c-8ca4-ef62003e66fa_300px_the_persian_garden.jpg,,local-unesco-thumb,
019f1998-8f5c-5523-bdbf-c7ecd10c6108,https://cloudflare-imgbed-euu.pages.dev/file/thumbnails/1788075196606_019f1998-8f5c-5523-bdbf-c7ecd10c6108_300px_sceilg_mhichíl.jpg,,local-unesco-thumb,
b86ce576-8343-5a3a-89be-55e395d08726,https://cloudflare-imgbed-euu.pages.dev/file/thumbnails/1788075098339_b86ce576-8343-5a3a-89be-55e395d08726_300px_archaeological_areas_of_pompei_herculaneum_and_torre_annunzi.jpg,,local-unesco-thumb,
8a1304e9-e776-5e57-89a7-0a7f913dc3e7,https://cloudflare-imgbed-euu.pages.dev/file/thumbnails/1788075106811_8a1304e9-e776-5e57-89a7-0a7f913dc3e7_300px_ashur_qalat_sherqat.jpg,,local-unesco-thumb,
ab09d02d-bbcf-55b4-8523-2a8343de1532,https://cloudflare-imgbed-euu.pages.dev/file/thumbnails/1788075302914_ab09d02d-bbcf-55b4-8523-2a8343de1532_300px_isacri_montii_of_piedmont_and_lombardy.jpg,,local-unesco-thumb,
111638cb-87d8-5187-802d-54cf45335d26,https://cloudflare-imgbed-euu.pages.dev/file/thumbnails/1788075059955_111638cb-87d8-5187-802d-54cf45335d26_300px_church_and_dominican_convent_of_santa_maria_delle_grazie_wit.jpg,,local-unesco-thumb,
7e4358e0-1e2c-5d48-9f22-250bcfeef0e1,https://cloudflare-imgbed-euu.pages.dev/file/thumbnails/1788075288294_7e4358e0-1e2c-5d48-9f22-250bcfeef0e1_300px_city_of_verona.jpg,,local-unesco-thumb,
c4741636-23b8-59c7-aa0d-9daa8042afc2,https://cloudflare-imgbed-euu.pages.dev/file/thumbnails/1788075161030_c4741636-23b8-59c7-aa0d-9daa8042afc2_300px_the_persian_qanat.jpg,,local-unesco-thumb,
2b00f72b-d0ea-5818-91cb-b6af0f511b16,https://cloudflare-imgbed-euu.pages.dev/file/thumbnails/1788075092182_2b00f72b-d0ea-5818-91cb-b6af0f511b16_300px_crespi_dadda.jpg,,local-unesco-thumb,
f4d56b17-f38c-5191-b37e-36d58e327cb5,https://cloudflare-imgbed-euu.pages.dev/file/thumbnails/1788075322307_f4d56b17-f38c-5191-b37e-36d58e327cb5_300px_etruscan_necropolises_of_cerveteri_and_tarquinia.jpg,,local-unesco-thumb,
ea4767eb-69d9-51b6-bd7a-46c8a009e238,https://cloudflare-imgbed-euu.pages.dev/file/thumbnails/1788075016168_ea4767eb-69d9-51b6-bd7a-46c8a009e238_300px_genoa_ile_strade_nuovei_and_the_system_of_thei_palazzi_dei_r.jpg,,local-unesco-thumb,
e053168d-1806-523a-bce3-e59a56799327,https://cloudflare-imgbed-euu.pages.dev/file/thumbnails/1788075151033_e053168d-1806-523a-bce3-e59a56799327_300px_isole_eolie_aeolian_islands.jpg,,local-unesco-thumb,
3327f5e9-5261-5ba9-a995-2613c516ab00,https://cloudflare-imgbed-euu.pages.dev/file/thumbnails/1788075061610_3327f5e9-5261-5ba9-a995-2613c516ab00_300px_mantua_and_sabbioneta.jpg,,local-unesco-thumb,
f7cd8a33-b24a-5bdf-be0c-81965d051200,https://cloudflare-imgbed-euu.pages.dev/file/thumbnails/1788075146262_f7cd8a33-b24a-5bdf-be0c-81965d051200_300px_historic_centre_of_san_gimignano.jpg,,local-unesco-thumb,
683e0e33-23f2-5b40-8226-262d4fe9f489,https://cloudflare-imgbed-euu.pages.dev/file/thumbnails/1788075046621_683e0e33-23f2-5b40-8226-262d4fe9f489_300px_mount_etna.jpg,,local-unesco-thumb,
d77598b8-ff19-5a07-b7a0-511313b3fd1f,https://cloudflare-imgbed-euu.pages.dev/file/thumbnails/1788075214131_d77598b8-ff19-5a07-b7a0-511313b3fd1f_300px_ivrea_industrial_city_of_the_20th_century.jpg,,local-unesco-thumb,
4faf73ba-de1e-5a13-8715-70e2b78b03cc,https://cloudflare-imgbed-euu.pages.dev/file/thumbnails/1788075252854_4faf73ba-de1e-5a13-8715-70e2b78b03cc_300px_historic_centre_of_naples.jpg,,local-unesco-thumb,
21d85b21-f69a-56d2-a420-7c7d8802954f,https://cloudflare-imgbed-euu.pages.dev/file/thumbnails/1788075081861_21d85b21-f69a-56d2-a420-7c7d8802954f_300px_piazza_del_duomo_pisa.jpg,,local-unesco-thumb,
793dff67-d3a7-53ac-9335-2dc0d59dbde5,https://cloudflare-imgbed-euu.pages.dev/file/thumbnails/1788075168046_793dff67-d3a7-53ac-9335-2dc0d59dbde5_300px_portovenere_cinque_terre_and_the_islands_palmaria_tino_and_t.jpg,,local-unesco-thumb,
5892b3e8-d54a-52c4-be21-fb30242d838f,https://cloudflare-imgbed-euu.pages.dev/file/thumbnails/1788075022459_5892b3e8-d54a-52c4-be21-fb30242d838f_300px_rock_drawings_in_valcamonica.jpg,,local-unesco-thumb,
b55ad77f-4d3c-5967-9fc3-2c9500139268,https://cloudflare-imgbed-euu.pages.dev/file/thumbnails/1788075298847_b55ad77f-4d3c-5967-9fc3-2c9500139268_300px_venice_and_its_lagoon.jpg,,local-unesco-thumb,
6761c3e7-d983-5a33-add4-80b95d7329aa,https://cloudflare-imgbed-euu.pages.dev/file/thumbnails/1788075144491_6761c3e7-d983-5a33-add4-80b95d7329aa_300px_buddhist_monuments_in_the_horyu_ji_area.jpg,,local-unesco-thumb,
01efe197-0b3d-50d7-88de-28f8a8dffd7b,https://cloudflare-imgbed-euu.pages.dev/file/thumbnails/1788075289898_01efe197-0b3d-50d7-88de-28f8a8dffd7b_300px_itsukushima_shinto_shrine.jpg,,local-unesco-thumb,
8e4eb33a-5945-5c86-9641-9b4d871fb450,https://cloudflare-imgbed-euu.pages.dev/file/thumbnails/1788075210912_8e4eb33a-5945-5c86-9641-9b4d871fb450_300px_hiroshima_peace_memorial_genbaku_dome.jpg,,local-unesco-thumb,
a58d7836-1228-5b66-a809-581465ec7f08,https://cloudflare-imgbed-euu.pages.dev/file/thumbnails/1788075299931_a58d7836-1228-5b66-a809-581465ec7f08_300px_the_itrullii_of_alberobello.jpg,,local-unesco-thumb,
9769bff9-26d4-569b-8151-0e03d6fc148f,https://cloudflare-imgbed-euu.pages.dev/file/thumbnails/1788075231988_9769bff9-26d4-569b-8151-0e03d6fc148f_300px_val_dorcia.jpg,,local-unesco-thumb,
6cc1cb52-5f5c-5cd2-8492-2cb10fb33d1b,https://cloudflare-imgbed-euu.pages.dev/file/thumbnails/1788075065859_6cc1cb52-5f5c-5cd2-8492-2cb10fb33d1b_300px_historic_monuments_of_ancient_nara.jpg,,local-unesco-thumb,
4ad2d48f-be57-5d22-964a-f914a6a91ea8,https://cloudflare-imgbed-euu.pages.dev/file/thumbnails/1788075069824_4ad2d48f-be57-5d22-964a-f914a6a91ea8_300px_the_archaeological_ensemble_of_17th_century_port_royal.jpg,,local-unesco-thumb,
a0d2b234-9cad-59aa-ab84-ca9b4d4efaa9,https://cloudflare-imgbed-euu.pages.dev/file/thumbnails/1788075012782_a0d2b234-9cad-59aa-ab84-ca9b4d4efaa9_300px_mozu_furuichi_kofun_group_mounded_tombs_of_ancient_japan.jpg,,local-unesco-thumb,
398f5331-5afd-5724-b2c5-72e375424348,https://cloudflare-imgbed-euu.pages.dev/file/thumbnails/1788075159866_398f5331-5afd-5724-b2c5-72e375424348_300px_ogasawara_islands.jpg,,local-unesco-thumb,
f5905114-332c-5db7-8eda-ef72346eff66,https://cloudflare-imgbed-euu.pages.dev/file/thumbnails/1788075131219_f5905114-332c-5db7-8eda-ef72346eff66_300px_jomon_prehistoric_sites_in_northern_japan.jpg,,local-unesco-thumb,
ee9160dd-5f5b-59af-b279-4698d443f7f8,https://cloudflare-imgbed-euu.pages.dev/file/thumbnails/1788075299140_ee9160dd-5f5b-59af-b279-4698d443f7f8_300px_shiretoko.jpg,,local-unesco-thumb,
715f20e3-02f5-57e1-9ea0-05f881e24903,https://cloudflare-imgbed-euu.pages.dev/file/thumbnails/1788075310566_715f20e3-02f5-57e1-9ea0-05f881e24903_300px_shrines_and_temples_of_nikko.jpg,,local-unesco-thumb,
a4e47860-be15-5ef7-8559-c1968ace2753,https://cloudflare-imgbed-euu.pages.dev/file/thumbnails/1788075244071_a4e47860-be15-5ef7-8559-c1968ace2753_300px_shirakami_sanchi.jpg,,local-unesco-thumb,
98ff6aeb-126c-5de6-ab48-c40be0e84836,https://cloudflare-imgbed-euu.pages.dev/file/thumbnails/1788075132564_98ff6aeb-126c-5de6-ab48-c40be0e84836_300px_tomioka_silk_mill_and_related_sites.jpg,,local-unesco-thumb,
c8f9bd73-8083-5da8-9ba9-338f616a2a13,https://cloudflare-imgbed-euu.pages.dev/file/thumbnails/1788075212870_c8f9bd73-8083-5da8-9ba9-338f616a2a13_300px_sacred_island_of_okinoshima_and_associated_sites_in_the_muna.jpg,,local-unesco-thumb,
89705269-743b-5f2f-96c6-f8ec84b926be,https://cloudflare-imgbed-euu.pages.dev/file/thumbnails/1788075194702_89705269-743b-5f2f-96c6-f8ec84b926be_300px_yakushima.jpg,,local-unesco-thumb,
6719d23a-c561-5aef-87ef-6902c2e3d481,https://cloudflare-imgbed-euu.pages.dev/file/thumbnails/1788075190711_6719d23a-c561-5aef-87ef-6902c2e3d481_300px_old_city_of_jerusalem_and_its_walls.jpg,,local-unesco-thumb,
c69019f6-2bf6-5349-99db-4c17c6279392,https://cloudflare-imgbed-euu.pages.dev/file/thumbnails/1788075294741_c69019f6-2bf6-5349-99db-4c17c6279392_300px_lake_turkana_national_parks.jpg,,local-unesco-thumb,
c0dbee36-7ad4-5929-9b56-9153f379db70,https://cloudflare-imgbed-euu.pages.dev/file/thumbnails/1788075301128_c0dbee36-7ad4-5929-9b56-9153f379db70_300px_sado_island_gold_mines.jpg,,local-unesco-thumb,
b00f5da5-da1f-5c24-a40f-524ddc331be7,https://cloudflare-imgbed-euu.pages.dev/file/thumbnails/1788075284904_b00f5da5-da1f-5c24-a40f-524ddc331be7_300px_lamu_old_town.jpg,,local-unesco-thumb,
8f8f5c06-738b-5391-b288-15b5bbf588d5,https://cloudflare-imgbed-euu.pages.dev/file/thumbnails/1788075312485_8f8f5c06-738b-5391-b288-15b5bbf588d5_300px_sulaiman_too_sacred_mountain.jpg,,local-unesco-thumb,
eb0ae8d4-1d3e-578c-9255-d92f7d6dde5c,https://cloudflare-imgbed-euu.pages.dev/file/thumbnails/1788075033491_eb0ae8d4-1d3e-578c-9255-d92f7d6dde5c_300px_cold_winter_deserts_of_turan.jpg,,local-unesco-thumb,
7695dfdf-924f-59bc-bd7b-e1eb60e45c6c,https://cloudflare-imgbed-euu.pages.dev/file/thumbnails/1788075264451_7695dfdf-924f-59bc-bd7b-e1eb60e45c6c_300px_western_tien_shan.jpg,,local-unesco-thumb,
2defbb0f-f41b-585f-98af-c90da0cf1df8,https://cloudflare-imgbed-euu.pages.dev/file/thumbnails/1788075154524_2defbb0f-f41b-585f-98af-c90da0cf1df8_300px_phong_nha_ke_bang_national_park_and_hin_nam_no_national_park.jpg,,local-unesco-thumb,
7640a014-85dd-50ce-87e0-2cf86eef525b,https://cloudflare-imgbed-euu.pages.dev/file/thumbnails/1788075017437_7640a014-85dd-50ce-87e0-2cf86eef525b_300px_town_of_luang_prabang.jpg,,local-unesco-thumb,
4f9ddfa5-cd1c-5455-8aa4-1b641f090da3,https://cloudflare-imgbed-euu.pages.dev/file/thumbnails/1788075081370_4f9ddfa5-cd1c-5455-8aa4-1b641f090da3_300px_baalbek.jpg,,local-unesco-thumb,
6c6cf7aa-6c10-58aa-976e-dca7d63207b7,https://cloudflare-imgbed-euu.pages.dev/file/thumbnails/1788075296854_6c6cf7aa-6c10-58aa-976e-dca7d63207b7_300px_byblos.jpg,,local-unesco-thumb,
c8fdd527-12df-579b-9882-3b250c513243,https://cloudflare-imgbed-euu.pages.dev/file/thumbnails/1788075105574_c8fdd527-12df-579b-9882-3b250c513243_300px_anjar.jpg,,local-unesco-thumb,
fbc6a447-e545-598b-a656-2d7dcc9dc8f8,https://cloudflare-imgbed-euu.pages.dev/file/thumbnails/1788075315882_fbc6a447-e545-598b-a656-2d7dcc9dc8f8_300px_the_historic_town_and_archaeological_site_of_gedi.jpg,,local-unesco-thumb,
edfa8770-71dc-5c5b-a683-48c8b3e7a975,https://cloudflare-imgbed-euu.pages.dev/file/thumbnails/1788075022258_edfa8770-71dc-5c5b-a683-48c8b3e7a975_300px_archaeological_site_of_cyrene.jpg,,local-unesco-thumb,
2c7a673f-051c-54b4-ba82-00463d19e0d2,https://cloudflare-imgbed-euu.pages.dev/file/thumbnails/1788075161675_2c7a673f-051c-54b4-ba82-00463d19e0d2_300px_ouadi_qadisha_the_holy_valley_and_the_forest_of_the_cedars_o.jpg,,local-unesco-thumb,
e0ccdf0b-16c7-5703-9e0b-8bc4da563bf2,https://cloudflare-imgbed-euu.pages.dev/file/thumbnails/1788075319295_e0ccdf0b-16c7-5703-9e0b-8bc4da563bf2_300px_curonian_spit.jpg,,local-unesco-thumb,
c7f5e6eb-7344-553e-a535-b1ecd14bbf83,https://cloudflare-imgbed-euu.pages.dev/file/thumbnails/1788075068177_c7f5e6eb-7344-553e-a535-b1ecd14bbf83_300px_rock_art_sites_of_tadrart_acacus.jpg,,local-unesco-thumb,
2d253781-d046-52f4-82f3-2ee043c95f30,https://cloudflare-imgbed-euu.pages.dev/file/thumbnails/1788075152278_2d253781-d046-52f4-82f3-2ee043c95f30_300px_vilnius_historic_centre.jpg,,local-unesco-thumb,
b01a1aa4-d556-5aea-9e75-3431d318d5de,https://cloudflare-imgbed-euu.pages.dev/file/thumbnails/1788075168424_b01a1aa4-d556-5aea-9e75-3431d318d5de_300px_archaeological_heritage_of_the_lenggong_valley.jpg,,local-unesco-thumb,
c2e81d13-82a3-5911-94b6-aed85ab1149f,https://cloudflare-imgbed-euu.pages.dev/file/thumbnails/1788075150397_c2e81d13-82a3-5911-94b6-aed85ab1149f_300px_tomb_of_askia.jpg,,local-unesco-thumb,
4a0ca442-f5a4-5f9b-938f-51da73b4ff3c,https://cloudflare-imgbed-euu.pages.dev/file/thumbnails/1788075158359_4a0ca442-f5a4-5f9b-938f-51da73b4ff3c_300px_bolgar_historical_and_archaeological_complex.jpg,,local-unesco-thumb,
552696a0-600e-513b-b7e2-9133e2fb9d21,https://cloudflare-imgbed-euu.pages.dev/file/thumbnails/1788075145982_552696a0-600e-513b-b7e2-9133e2fb9d21_300px_megalithic_temples_of_malta.jpg,,local-unesco-thumb,
1fa39131-bfa0-5aa2-91fe-39d368b6ae4f,https://cloudflare-imgbed-euu.pages.dev/file/thumbnails/1788075152961_1fa39131-bfa0-5aa2-91fe-39d368b6ae4f_300px_banc_darguin_national_park.jpg,,local-unesco-thumb,
4e31e845-5e27-535e-b28d-0d6836ec212e,https://cloudflare-imgbed-euu.pages.dev/file/thumbnails/1788075089080_4e31e845-5e27-535e-b28d-0d6836ec212e_300px_old_town_of_kuldīga.jpg,,local-unesco-thumb,
cd8e4ad5-8dbe-5087-b7d5-d3b0513b6ff5,https://cloudflare-imgbed-euu.pages.dev/file/thumbnails/1788075103485_cd8e4ad5-8dbe-5087-b7d5-d3b0513b6ff5_300px_ancient_maya_city_and_protected_tropical_forests_of_calakmul.jpg,,local-unesco-thumb,
90d465e7-05ec-55cd-93d9-c6291f3da37f,https://cloudflare-imgbed-euu.pages.dev/file/thumbnails/1788075168675_90d465e7-05ec-55cd-93d9-c6291f3da37f_300px_archaeological_monuments_zone_of_xochicalco.jpg,,local-unesco-thumb,
4d09d927-f908-5043-b4ef-fb7b91641df8,https://cloudflare-imgbed-euu.pages.dev/file/thumbnails/1788075206159_4d09d927-f908-5043-b4ef-fb7b91641df8_300px_mount_mulanje_cultural_landscape.jpg,,local-unesco-thumb,
ed84e69b-85cd-57c9-b1c2-45788ee720c2,https://cloudflare-imgbed-euu.pages.dev/file/thumbnails/1788075125755_ed84e69b-85cd-57c9-b1c2-45788ee720c2_300px_historic_centre_of_morelia.jpg,,local-unesco-thumb,
9290168c-3a9f-5da6-8324-79a1519ef9be,https://cloudflare-imgbed-euu.pages.dev/file/thumbnails/1788075267099_9290168c-3a9f-5da6-8324-79a1519ef9be_300px_namib_sand_sea.jpg,,local-unesco-thumb,
7bb8dd10-66b0-526d-acae-fda11b3fb13c,https://cloudflare-imgbed-euu.pages.dev/file/thumbnails/1788075029386_7bb8dd10-66b0-526d-acae-fda11b3fb13c_300px_pre_hispanic_town_of_uxmal.jpg,,local-unesco-thumb,
36936070-7c84-5102-9a7c-661525e3e3e4,https://cloudflare-imgbed-euu.pages.dev/file/thumbnails/1788075184882_36936070-7c84-5102-9a7c-661525e3e3e4_300px_historic_fortified_town_of_campeche.jpg,,local-unesco-thumb,
fa3dead6-3030-532c-b93d-ba4b084a19a4,https://cloudflare-imgbed-euu.pages.dev/file/thumbnails/1788075048850_fa3dead6-3030-532c-b93d-ba4b084a19a4_300px_whale_sanctuary_of_el_vizcaino.jpg,,local-unesco-thumb,
1ce57a06-62d9-5bab-8504-2dbe112bcded,https://cloudflare-imgbed-euu.pages.dev/file/thumbnails/1788075172750_1ce57a06-62d9-5bab-8504-2dbe112bcded_300px_twyfelfontein_or_ui_aes.jpg,,local-unesco-thumb,
82cde112-46c1-5603-8a0f-f9c3f7e117ba,https://cloudflare-imgbed-euu.pages.dev/file/thumbnails/1788075044724_82cde112-46c1-5603-8a0f-f9c3f7e117ba_300px_petroglyphic_complexes_of_the_mongolian_altai.jpg,,local-unesco-thumb,
48cdb930-abd8-5cf8-b662-9c9d69510d0d,https://cloudflare-imgbed-euu.pages.dev/file/thumbnails/1788075104207_48cdb930-abd8-5cf8-b662-9c9d69510d0d_300px_centennial_hall_in_wrocław.jpg,,local-unesco-thumb,
8e02f512-e527-506b-b37a-3e461fae7922,https://cloudflare-imgbed-euu.pages.dev/file/thumbnails/1788075208912_8e02f512-e527-506b-b37a-3e461fae7922_300px_orkhon_valley_cultural_landscape.jpg,,local-unesco-thumb,
c2bf906f-3686-5f65-8b4a-6a5afaa47a38,https://cloudflare-imgbed-euu.pages.dev/file/thumbnails/1788075129276_c2bf906f-3686-5f65-8b4a-6a5afaa47a38_300px_historic_city_of_meknes.jpg,,local-unesco-thumb,
95a3d3b1-9cea-59f5-b6d3-eb68daa7c7c3,https://cloudflare-imgbed-euu.pages.dev/file/thumbnails/1788075284940_95a3d3b1-9cea-59f5-b6d3-eb68daa7c7c3_300px_medina_of_tétouan_formerly_known_as_titawin.jpg,,local-unesco-thumb,
f7167142-6540-5688-ae75-a6e225d49d85,https://cloudflare-imgbed-euu.pages.dev/file/thumbnails/1788075306753_f7167142-6540-5688-ae75-a6e225d49d85_300px_ksar_of_ait_ben_haddou.jpg,,local-unesco-thumb,
dcaa090c-8b4c-5897-87c6-26ae6fe0c1ed,https://cloudflare-imgbed-euu.pages.dev/file/thumbnails/1788075224622_dcaa090c-8b4c-5897-87c6-26ae6fe0c1ed_300px_portuguese_city_of_mazagan_el_jadida.jpg,,local-unesco-thumb,
1f4bfdf6-dd3a-5b5e-a3b1-ccf0bbde7550,https://cloudflare-imgbed-euu.pages.dev/file/thumbnails/1788075118085_1f4bfdf6-dd3a-5b5e-a3b1-ccf0bbde7550_300px_van_nellefabriek.jpg,,local-unesco-thumb,
a3c25b9f-03e7-51ff-adfc-a7ebb6e526fb,https://cloudflare-imgbed-euu.pages.dev/file/thumbnails/1788075083043_a3c25b9f-03e7-51ff-adfc-a7ebb6e526fb_300px_landscapes_of_dauria.jpg,,local-unesco-thumb,
b968aabb-3419-5550-8434-36d372c6e52c,https://cloudflare-imgbed-euu.pages.dev/file/thumbnails/1788075251709_b968aabb-3419-5550-8434-36d372c6e52c_300px_te_wahipounamu_south_west_new_zealand.jpg,,local-unesco-thumb,
d247eb46-e9d4-532d-9baf-b5915673ff4e,https://cloudflare-imgbed-euu.pages.dev/file/thumbnails/1788075179833_d247eb46-e9d4-532d-9baf-b5915673ff4e_300px_ruins_of_león_viejo.jpg,,local-unesco-thumb,
80d97da0-c5d3-5a14-bac8-b97852887852,https://cloudflare-imgbed-euu.pages.dev/file/thumbnails/1788075170476_80d97da0-c5d3-5a14-bac8-b97852887852_300px_new_zealand_sub_antarctic_islands.jpg,,local-unesco-thumb,
8417513b-60b8-52e2-b90c-d150e6a942df,https://cloudflare-imgbed-euu.pages.dev/file/thumbnails/1788075038995_8417513b-60b8-52e2-b90c-d150e6a942df_300px_eisinga_planetarium_in_franeker.jpg,,local-unesco-thumb,
6c0f57ec-3229-59e4-9154-6d74c94957c9,https://cloudflare-imgbed-euu.pages.dev/file/thumbnails/1788075098583_6c0f57ec-3229-59e4-9154-6d74c94957c9_300px_vegaøyan_the_vega_archipelago.jpg,,local-unesco-thumb,
c2253552-e103-5b89-9138-7ae3dc119489,https://cloudflare-imgbed-euu.pages.dev/file/thumbnails/1788075098055_c2253552-e103-5b89-9138-7ae3dc119489_300px_camino_real_de_tierra_adentro.jpg,,local-unesco-thumb,
be0f739d-0c60-5890-a757-21c8c23a3f24,https://cloudflare-imgbed-euu.pages.dev/file/thumbnails/1788075225308_be0f739d-0c60-5890-a757-21c8c23a3f24_300px_west_norwegian_fjords_geirangerfjord_and_nærøyfjord.jpg,,local-unesco-thumb,
bdc7cc32-0d3f-560c-8844-53ab22516b60,https://cloudflare-imgbed-euu.pages.dev/file/thumbnails/1788075020940_bdc7cc32-0d3f-560c-8844-53ab22516b60_300px_rohtas_fort.jpg,,local-unesco-thumb,
1eadaa41-7743-5be9-a780-0f1d9de4bda3,https://cloudflare-imgbed-euu.pages.dev/file/thumbnails/1788075136608_1eadaa41-7743-5be9-a780-0f1d9de4bda3_300px_urnes_stave_church.jpg,,local-unesco-thumb,
0c214b4f-3359-5f48-9a9e-e0fb5e40bdec,https://cloudflare-imgbed-euu.pages.dev/file/thumbnails/1788075304321_0c214b4f-3359-5f48-9a9e-e0fb5e40bdec_300px_taxila.jpg,,local-unesco-thumb,
4739f27a-f190-5d0f-bfce-141fac3006ce,https://cloudflare-imgbed-euu.pages.dev/file/thumbnails/1788075083424_4739f27a-f190-5d0f-bfce-141fac3006ce_300px_fort_and_shalamar_gardens_in_lahore.jpg,,local-unesco-thumb,
b99dab8b-fb81-5a3f-9265-c08b0058b5c8,https://cloudflare-imgbed-euu.pages.dev/file/thumbnails/1788075172762_b99dab8b-fb81-5a3f-9265-c08b0058b5c8_300px_darien_national_park.jpg,,local-unesco-thumb,
579f3a10-9e1a-52ee-9eb2-6cf63e12a841,https://cloudflare-imgbed-euu.pages.dev/file/thumbnails/1788075135783_579f3a10-9e1a-52ee-9eb2-6cf63e12a841_300px_historical_monuments_at_makli_thatta.jpg,,local-unesco-thumb,
e18fb1c5-f47d-5a87-ae31-a9d5d0bf5165,https://cloudflare-imgbed-euu.pages.dev/file/thumbnails/1788075104073_e18fb1c5-f47d-5a87-ae31-a9d5d0bf5165_300px_coiba_national_park_and_its_special_zone_of_marine_protectio.jpg,,local-unesco-thumb,
aac2bbbf-9ba9-555a-9195-c104a4aff3a6,https://cloudflare-imgbed-euu.pages.dev/file/thumbnails/1788075041239_aac2bbbf-9ba9-555a-9195-c104a4aff3a6_300px_proto_urban_site_of_sarazm.jpg,,local-unesco-thumb,
0fe106d0-99f6-5cde-98e1-4b5f5b78539c,https://cloudflare-imgbed-euu.pages.dev/file/thumbnails/1788075053009_0fe106d0-99f6-5cde-98e1-4b5f5b78539c_300px_jesuit_missions_of_la_santísima_trinidad_de_paraná_and_jesús.jpg,,local-unesco-thumb,
8c239e3e-ac35-5e7a-b6f7-6fac6029fbbd,https://cloudflare-imgbed-euu.pages.dev/file/thumbnails/1788075063950_8c239e3e-ac35-5e7a-b6f7-6fac6029fbbd_300px_huascarán_national_park.jpg,,local-unesco-thumb,
7288e4fd-1d53-5d39-859f-d842bbb37041,https://cloudflare-imgbed-euu.pages.dev/file/thumbnails/1788075184685_7288e4fd-1d53-5d39-859f-d842bbb37041_300px_río_abiseo_national_park.jpg,,local-unesco-thumb,
c4b113ff-7186-58f5-ae7f-a4ded1815b71,https://cloudflare-imgbed-euu.pages.dev/file/thumbnails/1788075326017_c4b113ff-7186-58f5-ae7f-a4ded1815b71_300px_historic_city_of_vigan.jpg,,local-unesco-thumb,
b0c1ab76-87f0-56ed-8227-ba2ca490b473,https://cloudflare-imgbed-euu.pages.dev/file/thumbnails/1788075297827_b0c1ab76-87f0-56ed-8227-ba2ca490b473_300px_chan_chan_archaeological_zone.jpg,,local-unesco-thumb,
dcbf6158-c77c-5e1a-9f4b-e8c57cd2ed00,https://cloudflare-imgbed-euu.pages.dev/file/thumbnails/1788075309760_dcbf6158-c77c-5e1a-9f4b-e8c57cd2ed00_300px_manú_national_park.jpg,,local-unesco-thumb,
66c15728-3b6c-528f-a7e5-da7a206c0795,https://cloudflare-imgbed-euu.pages.dev/file/thumbnails/1788075170006_66c15728-3b6c-528f-a7e5-da7a206c0795_300px_churches_of_peace_in_jawor_and_świdnica.jpg,,local-unesco-thumb,
0c191b15-d45d-5ea0-b3c4-f3e894d0a73b,https://cloudflare-imgbed-euu.pages.dev/file/thumbnails/1788075031808_0c191b15-d45d-5ea0-b3c4-f3e894d0a73b_300px_historic_centre_of_warsaw.jpg,,local-unesco-thumb,
65ba1193-35d8-5e06-ae00-910808cabd60,https://cloudflare-imgbed-euu.pages.dev/file/thumbnails/1788075057174_65ba1193-35d8-5e06-ae00-910808cabd60_300px_rice_terraces_of_the_philippine_cordilleras.jpg,,local-unesco-thumb,
cf47e7e4-8a09-510e-85a1-0ea63ab66b43,https://cloudflare-imgbed-euu.pages.dev/file/thumbnails/1788075300327_cf47e7e4-8a09-510e-85a1-0ea63ab66b43_300px_historic_centre_of_kraków.jpg,,local-unesco-thumb,
11c55ebd-9831-5bd2-854e-8c3609f4e01d,https://cloudflare-imgbed-euu.pages.dev/file/thumbnails/1788075253575_11c55ebd-9831-5bd2-854e-8c3609f4e01d_300px_medieval_town_of_toruń.jpg,,local-unesco-thumb,
d81bc94f-5e7f-573f-be6f-df5abc5a1d6f,https://cloudflare-imgbed-euu.pages.dev/file/thumbnails/1788075128388_d81bc94f-5e7f-573f-be6f-df5abc5a1d6f_300px_central_zone_of_the_town_of_angra_do_heroismo_in_the_azores.jpg,,local-unesco-thumb,
fbb7629a-38ef-54c8-b215-3e6417bcbae5,https://cloudflare-imgbed-euu.pages.dev/file/thumbnails/1788075162521_fbb7629a-38ef-54c8-b215-3e6417bcbae5_300px_wieliczka_and_bochnia_royal_salt_mines.jpg,,local-unesco-thumb,
666b9b71-7dd1-5d41-8653-8c81313fdadb,https://cloudflare-imgbed-euu.pages.dev/file/thumbnails/1788075243672_666b9b71-7dd1-5d41-8653-8c81313fdadb_300px_aqueduct_of_padre_tembleque_hydraulic_system.jpg,,local-unesco-thumb,
aa4a9a3b-9a8f-5f15-a9a3-dba87500e095,https://cloudflare-imgbed-euu.pages.dev/file/thumbnails/1788075167335_aa4a9a3b-9a8f-5f15-a9a3-dba87500e095_300px_wooden_churches_of_southern_małopolska.jpg,,local-unesco-thumb,
defdf0af-1fd7-5dfc-8e46-45b28b7fc96a,https://cloudflare-imgbed-euu.pages.dev/file/thumbnails/1788075010005_defdf0af-1fd7-5dfc-8e46-45b28b7fc96a_300px_alto_douro_wine_region.jpg,,local-unesco-thumb,
063bfc69-54ec-599a-8807-0c95e5e988b3,https://cloudflare-imgbed-euu.pages.dev/file/thumbnails/1788075325439_063bfc69-54ec-599a-8807-0c95e5e988b3_300px_krzemionki_prehistoric_striped_flint_mining_region.jpg,,local-unesco-thumb,
5bd6c0a9-8c82-5f63-92b1-13f8da552457,https://cloudflare-imgbed-euu.pages.dev/file/thumbnails/1788075180105_5bd6c0a9-8c82-5f63-92b1-13f8da552457_300px_tarnowskie_góry_lead_silver_zinc_mine_and_its_underground_wa.jpg,,local-unesco-thumb,
82296bc2-8ba9-533e-baab-548a838b51c9,https://cloudflare-imgbed-euu.pages.dev/file/thumbnails/1788075256944_82296bc2-8ba9-533e-baab-548a838b51c9_300px_cultural_landscape_of_sintra.jpg,,local-unesco-thumb,
045d0b49-1f38-5e43-975b-cf85f97b4efd,https://cloudflare-imgbed-euu.pages.dev/file/thumbnails/1788075153450_045d0b49-1f38-5e43-975b-cf85f97b4efd_300px_garrison_border_town_of_elvas_and_its_fortifications.jpg,,local-unesco-thumb,
9252f081-3b5f-55d1-bf21-71717d1a5418,https://cloudflare-imgbed-euu.pages.dev/file/thumbnails/1788075253154_9252f081-3b5f-55d1-bf21-71717d1a5418_300px_historic_centre_of_guimarães_and_couros_zone.jpg,,local-unesco-thumb,
7b29c330-7cb4-5d39-9e76-408d104869dc,https://cloudflare-imgbed-euu.pages.dev/file/thumbnails/1788075128027_7b29c330-7cb4-5d39-9e76-408d104869dc_300px_monastery_of_batalha.jpg,,local-unesco-thumb,
ed3d2cca-33d3-511c-bc1f-4c3899e71dba,https://cloudflare-imgbed-euu.pages.dev/file/thumbnails/1788075287916_ed3d2cca-33d3-511c-bc1f-4c3899e71dba_300px_laurisilva_of_madeira.jpg,,local-unesco-thumb,
698792ba-14e3-59ef-a59e-0b48eab8ba58,https://cloudflare-imgbed-euu.pages.dev/file/thumbnails/1788075286089_698792ba-14e3-59ef-a59e-0b48eab8ba58_300px_haeinsa_temple_janggyeong_panjeon_the_depositories_for_the_i.jpg,,local-unesco-thumb,
cf28481b-eb98-5bf4-b2e9-4304263c79d4,https://cloudflare-imgbed-euu.pages.dev/file/thumbnails/1788075159091_cf28481b-eb98-5bf4-b2e9-4304263c79d4_300px_prehistoric_rock_art_sites_in_the_côa_valley_and_siega_verde.jpg,,local-unesco-thumb,
df43b007-302f-5d37-9dfa-cff8cda03e65,https://cloudflare-imgbed-euu.pages.dev/file/thumbnails/1788075299284_df43b007-302f-5d37-9dfa-cff8cda03e65_300px_al_zubarah_archaeological_site.jpg,,local-unesco-thumb,
97bed1c2-3222-5e59-8852-f20e6efdf979,https://cloudflare-imgbed-euu.pages.dev/file/thumbnails/1788075166868_97bed1c2-3222-5e59-8852-f20e6efdf979_300px_gyeongju_historic_areas.jpg,,local-unesco-thumb,
3d67251c-37ef-5cfc-bc58-52ecba649aeb,https://cloudflare-imgbed-euu.pages.dev/file/thumbnails/1788075180883_3d67251c-37ef-5cfc-bc58-52ecba649aeb_300px_namhansanseong.jpg,,local-unesco-thumb,
9104fb94-78a7-5942-8910-97c4a3663af6,https://cloudflare-imgbed-euu.pages.dev/file/thumbnails/1788075334265_9104fb94-78a7-5942-8910-97c4a3663af6_300px_churches_of_moldavia.jpg,,local-unesco-thumb,
a494fe10-4c4f-526d-8408-db934578c862,https://cloudflare-imgbed-euu.pages.dev/file/thumbnails/1788075150569_a494fe10-4c4f-526d-8408-db934578c862_300px_danube_delta.jpg,,local-unesco-thumb,
f6807ea7-ccc7-5c67-aa85-e5465898b632,https://cloudflare-imgbed-euu.pages.dev/file/thumbnails/1788075299083_f6807ea7-ccc7-5c67-aa85-e5465898b632_300px_dacian_fortresses_of_the_orastie_mountains.jpg,,local-unesco-thumb,
8eb35225-61cd-5e59-8f39-394facf7a451,https://cloudflare-imgbed-euu.pages.dev/file/thumbnails/1788075149525_8eb35225-61cd-5e59-8f39-394facf7a451_300px_central_sikhote_alin.jpg,,local-unesco-thumb,
40a157be-f3d3-54d4-959c-7a37b418d203,https://cloudflare-imgbed-euu.pages.dev/file/thumbnails/1788075201082_40a157be-f3d3-54d4-959c-7a37b418d203_300px_astronomical_observatories_of_kazan_federal_university.jpg,,local-unesco-thumb,
0755f1ef-f0a3-5c3b-8028-1a5208d6da60,https://cloudflare-imgbed-euu.pages.dev/file/thumbnails/1788075084822_0755f1ef-f0a3-5c3b-8028-1a5208d6da60_300px_historic_villages_of_korea_hahoe_and_yangdong.jpg,,local-unesco-thumb,
a0662165-279a-54b1-8654-7eb8f8b3845b,https://cloudflare-imgbed-euu.pages.dev/file/thumbnails/1788075287808_a0662165-279a-54b1-8654-7eb8f8b3845b_300px_ensemble_of_the_novodevichy_convent.jpg,,local-unesco-thumb,
e7e85fc1-c012-56a1-967d-e8750766e26d,https://cloudflare-imgbed-euu.pages.dev/file/thumbnails/1788075273876_e7e85fc1-c012-56a1-967d-e8750766e26d_300px_historical_centre_of_the_city_of_yaroslavl.jpg,,local-unesco-thumb,
60cb1bf6-f6a4-50d2-b5c9-98029a01c5b4,https://cloudflare-imgbed-euu.pages.dev/file/thumbnails/1788075123615_60cb1bf6-f6a4-50d2-b5c9-98029a01c5b4_300px_golden_mountains_of_altai.jpg,,local-unesco-thumb,
9bc0f7ef-b0f0-50b0-bf4b-2f7c33b85618,https://cloudflare-imgbed-euu.pages.dev/file/thumbnails/1788075299168_9bc0f7ef-b0f0-50b0-bf4b-2f7c33b85618_300px_historic_monuments_of_novgorod_and_surroundings.jpg,,local-unesco-thumb,
e4dc2674-ec7a-5e4b-b917-f9f22dcfbfe7,https://cloudflare-imgbed-euu.pages.dev/file/thumbnails/1788075287239_e4dc2674-ec7a-5e4b-b917-f9f22dcfbfe7_300px_natural_system_of_wrangel_island_reserve.jpg,,local-unesco-thumb,
b3f3cd7e-adb8-5817-b0d0-c9a19947eeb1,https://cloudflare-imgbed-euu.pages.dev/file/thumbnails/1788075023652_b3f3cd7e-adb8-5817-b0d0-c9a19947eeb1_300px_lena_pillars_nature_park.jpg,,local-unesco-thumb,
2378fc83-d242-574c-bfaa-4d77d3374615,https://cloudflare-imgbed-euu.pages.dev/file/thumbnails/1788075147144_2378fc83-d242-574c-bfaa-4d77d3374615_300px_historic_centre_of_saint_petersburg_and_related_groups_of_mo.jpg,,local-unesco-thumb,
5473c6c5-8d5a-583d-9008-fe8502521d9f,https://cloudflare-imgbed-euu.pages.dev/file/thumbnails/1788075295343_5473c6c5-8d5a-583d-9008-fe8502521d9f_300px_putorana_plateau.jpg,,local-unesco-thumb,
475122c2-19f3-5d70-90b4-a0bee7eb9d5b,https://cloudflare-imgbed-euu.pages.dev/file/thumbnails/1788075291545_475122c2-19f3-5d70-90b4-a0bee7eb9d5b_300px_volcanoes_of_kamchatka.jpg,,local-unesco-thumb,
86a32d7f-6bed-5d07-81fd-a7992f5c9cd3,https://cloudflare-imgbed-euu.pages.dev/file/thumbnails/1788075292640_86a32d7f-6bed-5d07-81fd-a7992f5c9cd3_300px_san_marino_historic_centre_and_mount_titano.jpg,,local-unesco-thumb,
603e3220-5b32-5b2d-80cd-5d63d20fc56a,https://cloudflare-imgbed-euu.pages.dev/file/thumbnails/1788075144896_603e3220-5b32-5b2d-80cd-5d63d20fc56a_300px_kremlin_and_red_square_moscow.jpg,,local-unesco-thumb,
0e0d8f64-96cf-5b60-8e4e-e2eaa3f40450,https://cloudflare-imgbed-euu.pages.dev/file/thumbnails/1788075099733_0e0d8f64-96cf-5b60-8e4e-e2eaa3f40450_300px_frontiers_of_the_roman_empire_dacia.jpg,,local-unesco-thumb,
aa65d179-9297-5204-94fe-ec0b0b59bd8a,https://cloudflare-imgbed-euu.pages.dev/file/thumbnails/1788075159497_aa65d179-9297-5204-94fe-ec0b0b59bd8a_300px_stari_ras_and_sopoćani.jpg,,local-unesco-thumb,
a49a9695-7338-5cba-ab6e-a22eca110a0d,https://cloudflare-imgbed-euu.pages.dev/file/thumbnails/1788075326431_a49a9695-7338-5cba-ab6e-a22eca110a0d_300px_island_of_saint_louis.jpg,,local-unesco-thumb,
21c2b0eb-628b-5b23-a74a-ac32d5f707ba,https://cloudflare-imgbed-euu.pages.dev/file/thumbnails/1788075133225_21c2b0eb-628b-5b23-a74a-ac32d5f707ba_300px_bardejov_town_conservation_reserve.jpg,,local-unesco-thumb,
b8372f7c-6986-5422-b533-20fe759af096,https://cloudflare-imgbed-euu.pages.dev/file/thumbnails/1788075116639_b8372f7c-6986-5422-b533-20fe759af096_300px_uruq_bani_maarid.jpg,,local-unesco-thumb,
91c8461e-cda0-53d7-9b57-1c191c37cbce,https://cloudflare-imgbed-euu.pages.dev/file/thumbnails/1788075101181_91c8461e-cda0-53d7-9b57-1c191c37cbce_300px_barberton_makhonjwa_mountains.jpg,,local-unesco-thumb,
3c4fd4bf-395c-522b-b349-858d91573e3e,https://cloudflare-imgbed-euu.pages.dev/file/thumbnails/1788075137199_3c4fd4bf-395c-522b-b349-858d91573e3e_300px_robben_island.jpg,,local-unesco-thumb,
271670d1-cb4c-5b71-a59b-01a4f0d9099b,https://cloudflare-imgbed-euu.pages.dev/file/thumbnails/1788075201901_271670d1-cb4c-5b71-a59b-01a4f0d9099b_300px_cave_of_altamira_and_paleolithic_cave_art_of_northern_spain.jpg,,local-unesco-thumb,
e381540f-9349-54cf-8998-ef85cc4a5d51,https://cloudflare-imgbed-euu.pages.dev/file/thumbnails/1788075316421_e381540f-9349-54cf-8998-ef85cc4a5d51_300px_fossil_hominid_sites_of_south_africa.jpg,,local-unesco-thumb,
a9219380-9021-52eb-a734-b25c6bdc8925,https://cloudflare-imgbed-euu.pages.dev/file/thumbnails/1788075124150_a9219380-9021-52eb-a734-b25c6bdc8925_300px_mapungubwe_cultural_landscape.jpg,,local-unesco-thumb,
afa30144-9e1f-51c0-bb7c-183041c5ddcb,https://cloudflare-imgbed-euu.pages.dev/file/thumbnails/1788075291798_afa30144-9e1f-51c0-bb7c-183041c5ddcb_300px_the_emergence_of_modern_human_behaviour_the_pleistocene_occu.jpg,,local-unesco-thumb,
dad9f15c-9151-522b-a4e6-894b5020c161,https://cloudflare-imgbed-euu.pages.dev/file/thumbnails/1788075089542_dad9f15c-9151-522b-a4e6-894b5020c161_300px_ǂkhomani_cultural_landscape.jpg,,local-unesco-thumb,
846126ec-04a0-539e-9c96-3769439fdaab,https://cloudflare-imgbed-euu.pages.dev/file/thumbnails/1788075079265_846126ec-04a0-539e-9c96-3769439fdaab_300px_catalan_romanesque_churches_of_the_vall_de_boí.jpg,,local-unesco-thumb,
0faea55c-17b3-5c43-9ccb-784ef7071aa6,https://cloudflare-imgbed-euu.pages.dev/file/thumbnails/1788075316789_0faea55c-17b3-5c43-9ccb-784ef7071aa6_300px_the_works_of_jože_plečnik_in_ljubljana_human_centred_urban_d.jpg,,local-unesco-thumb,
da3b6a77-78ae-5dc2-934d-29716a3309a3,https://cloudflare-imgbed-euu.pages.dev/file/thumbnails/1788075102715_da3b6a77-78ae-5dc2-934d-29716a3309a3_300px_garajonay_national_park.jpg,,local-unesco-thumb,
a77d1dc1-8727-5433-a299-5c506bfa3c90,https://cloudflare-imgbed-euu.pages.dev/file/thumbnails/1788075147976_a77d1dc1-8727-5433-a299-5c506bfa3c90_300px_historic_city_of_toledo.jpg,,local-unesco-thumb,
86b5b5cb-4c0f-520c-861e-bd8aac24996c,https://cloudflare-imgbed-euu.pages.dev/file/thumbnails/1788075155449_86b5b5cb-4c0f-520c-861e-bd8aac24996c_300px_renaissance_monumental_ensembles_of_úbeda_and_baeza.jpg,,local-unesco-thumb,
0359dae8-4b38-5ca1-9e91-1dc0fbfed793,https://cloudflare-imgbed-euu.pages.dev/file/thumbnails/1788075289857_0359dae8-4b38-5ca1-9e91-1dc0fbfed793_300px_routes_of_santiago_de_compostela_icamino_francési_and_routes.jpg,,local-unesco-thumb,
4377cef3-827b-52d4-825e-d42ab882a82d,https://cloudflare-imgbed-euu.pages.dev/file/thumbnails/1788075160985_4377cef3-827b-52d4-825e-d42ab882a82d_300px_historic_walled_town_of_cuenca.jpg,,local-unesco-thumb,
2d0e4196-5669-5dcb-aa4d-8ae83849c875,https://cloudflare-imgbed-euu.pages.dev/file/thumbnails/1788075140154_2d0e4196-5669-5dcb-aa4d-8ae83849c875_300px_royal_monastery_of_santa_maría_de_guadalupe.jpg,,local-unesco-thumb,
1c016850-5657-583f-ab25-b36b50e4c51b,https://cloudflare-imgbed-euu.pages.dev/file/thumbnails/1788075251456_1c016850-5657-583f-ab25-b36b50e4c51b_300px_tower_of_hercules.jpg,,local-unesco-thumb,
ab5c7f92-e462-5465-95bc-e7b8a31aeb23,https://cloudflare-imgbed-euu.pages.dev/file/thumbnails/1788075305706_ab5c7f92-e462-5465-95bc-e7b8a31aeb23_300px_santiago_de_compostela_old_town.jpg,,local-unesco-thumb,
85166bd1-5b20-54dc-91ee-eaeaf5a28593,https://cloudflare-imgbed-euu.pages.dev/file/thumbnails/1788075080359_85166bd1-5b20-54dc-91ee-eaeaf5a28593_300px_works_of_antoni_gaudí.jpg,,local-unesco-thumb,
70705268-856c-55cd-a266-16b5e449c12b,https://cloudflare-imgbed-euu.pages.dev/file/thumbnails/1788075050605_70705268-856c-55cd-a266-16b5e449c12b_300px_ancient_city_of_sigiriya.jpg,,local-unesco-thumb,
4a57aa5b-7b94-5288-9fa9-cad08b799a51,https://cloudflare-imgbed-euu.pages.dev/file/thumbnails/1788075027783_4a57aa5b-7b94-5288-9fa9-cad08b799a51_300px_risco_caido_and_the_sacred_mountains_of_gran_canaria_cultura.jpg,,local-unesco-thumb,
4ea3daa6-99a5-5639-9cf4-6ca1332a3bee,https://cloudflare-imgbed-euu.pages.dev/file/thumbnails/1788075087119_4ea3daa6-99a5-5639-9cf4-6ca1332a3bee_300px_vizcaya_bridge.jpg,,local-unesco-thumb,
1aebc0da-d5a2-5d0c-a3c5-4a043c523eaa,https://cloudflare-imgbed-euu.pages.dev/file/thumbnails/1788075136931_1aebc0da-d5a2-5d0c-a3c5-4a043c523eaa_300px_sacred_city_of_kandy.jpg,,local-unesco-thumb,
5bc6f121-17cb-5377-825f-33758011ef27,https://cloudflare-imgbed-euu.pages.dev/file/thumbnails/1788075023969_5bc6f121-17cb-5377-825f-33758011ef27_300px_birthplace_of_jesus_church_of_the_nativity_and_the_pilgrimag.jpg,,local-unesco-thumb,
5c4f65a9-21b0-5af9-b35b-d787c5307bed,https://cloudflare-imgbed-euu.pages.dev/file/thumbnails/1788075157085_5c4f65a9-21b0-5af9-b35b-d787c5307bed_300px_saint_hilarion_monastery_tell_umm_amer.jpg,,local-unesco-thumb,
ea1ba599-9ba3-5f6f-917a-095a54b3f75c,https://cloudflare-imgbed-euu.pages.dev/file/thumbnails/1788075141760_ea1ba599-9ba3-5f6f-917a-095a54b3f75c_300px_talayotic_menorca.jpg,,local-unesco-thumb,
7b3c3a99-8302-55d8-bd6e-bcd38bf1bea0,https://cloudflare-imgbed-euu.pages.dev/file/thumbnails/1788075263216_7b3c3a99-8302-55d8-bd6e-bcd38bf1bea0_300px_archaeological_sites_of_the_island_of_meroe.jpg,,local-unesco-thumb,
dc75356c-1042-5693-8096-8ce1a2830895,https://c/Users/janelee/Desktop/iOSApp/WorldHeritageExplorer/Tools/cloudflare_url.csvloudflare-imgbed-euu.pages.dev/file/thumbnails/1788075008772_dc75356c-1042-5693-8096-8ce1a2830895_300px_birka_and_hovgården.jpg,,local-unesco-thumb,
09cbeefd-bb95-5b53-8d2f-6c976cb813e9,https://cloudflare-imgbed-euu.pages.dev/file/thumbnails/1788075211224_09cbeefd-bb95-5b53-8d2f-6c976cb813e9_300px_sanganeb_marine_national_park_and_dungonab_bay_mukkawar_isla.jpg,,local-unesco-thumb,
837d6842-e2d7-5f89-a07d-72a3ca88a620,https://cloudflare-imgbed-euu.pages.dev/file/thumbnails/1788075062855_837d6842-e2d7-5f89-a07d-72a3ca88a620_300px_agricultural_landscape_of_southern_öland.jpg,,local-unesco-thumb,
3a1bf45a-68d4-564b-b5f3-1d8d9042dd1c,https://cloudflare-imgbed-euu.pages.dev/file/thumbnails/1788075199115_3a1bf45a-68d4-564b-b5f3-1d8d9042dd1c_300px_skogskyrkogården.jpg,,local-unesco-thumb,
b889e6ed-97f4-5129-8056-d11175122eb9,https://cloudflare-imgbed-euu.pages.dev/file/thumbnails/1788075039925_b889e6ed-97f4-5129-8056-d11175122eb9_300px_old_city_of_berne.jpg,,local-unesco-thumb,
8874058c-74a5-51e5-ad85-cc275f09086c,https://cloudflare-imgbed-euu.pages.dev/file/thumbnails/1788075239633_8874058c-74a5-51e5-ad85-cc275f09086c_300px_rock_art_in_the_hail_region_of_saudi_arabia.jpg,,local-unesco-thumb,
ba923303-9025-5888-ab47-fb84c7b98076,https://cloudflare-imgbed-euu.pages.dev/file/thumbnails/1788075187637_ba923303-9025-5888-ab47-fb84c7b98076_300px_amphitheatre_of_el_jem.jpg,,local-unesco-thumb,
89bf2a37-cf15-574c-b568-e792911384bb,https://cloudflare-imgbed-euu.pages.dev/file/thumbnails/1788075243089_89bf2a37-cf15-574c-b568-e792911384bb_300px_archaeological_site_of_carthage.jpg,,local-unesco-thumb,
c315d45d-15bf-504b-b018-53ff2f84083f,https://cloudflare-imgbed-euu.pages.dev/file/thumbnails/1788075107502_c315d45d-15bf-504b-b018-53ff2f84083f_300px_ancient_city_of_aleppo.jpg,,local-unesco-thumb,
d1c7684d-010b-5376-8c86-0b2f3223e2f6,https://cloudflare-imgbed-euu.pages.dev/file/thumbnails/1788075177736_d1c7684d-010b-5376-8c86-0b2f3223e2f6_300px_cultural_heritage_sites_of_ancient_khuttal.jpg,,local-unesco-thumb,
bd6abc3b-66f6-5392-bc43-89b7fb38f31b,https://cloudflare-imgbed-euu.pages.dev/file/thumbnails/1788075100945_bd6abc3b-66f6-5392-bc43-89b7fb38f31b_300px_punic_town_of_kerkuane_and_its_necropolis.jpg,,local-unesco-thumb,
fd30f9b4-e75e-5a6e-8db9-82e38f06c855,https://cloudflare-imgbed-euu.pages.dev/file/thumbnails/1788075022153_fd30f9b4-e75e-5a6e-8db9-82e38f06c855_300px_great_mosque_and_hospital_of_divriği.jpg,,local-unesco-thumb,
c73b93d1-8841-5934-bfef-692e0e3ce95a,https://cloudflare-imgbed-euu.pages.dev/file/thumbnails/1788075011535_c73b93d1-8841-5934-bfef-692e0e3ce95a_300px_medina_of_tunis.jpg,,local-unesco-thumb,
158fe075-1409-58b7-aa71-8a921497de7a,https://cloudflare-imgbed-euu.pages.dev/file/thumbnails/1788075188927_158fe075-1409-58b7-aa71-8a921497de7a_300px_pergamon_and_its_multi_layered_cultural_landscape.jpg,,local-unesco-thumb,
af2904de-f759-55e9-9a9c-245e4e882bfc,https://cloudflare-imgbed-euu.pages.dev/file/thumbnails/1788075294099_af2904de-f759-55e9-9a9c-245e4e882bfc_300px_djerba_testimony_to_a_settlement_pattern_in_an_island_territ.jpg,,local-unesco-thumb,
26d40007-9f93-5cab-b5e4-a77331bde11c,https://cloudflare-imgbed-euu.pages.dev/file/thumbnails/1788075110758_26d40007-9f93-5cab-b5e4-a77331bde11c_300px_historic_areas_of_istanbul.jpg,,local-unesco-thumb,
06a5768e-c978-511f-84ba-4266ca0c3ac1,https://cloudflare-imgbed-euu.pages.dev/file/thumbnails/1788075239467_06a5768e-c978-511f-84ba-4266ca0c3ac1_300px_rwenzori_mountains_national_park.jpg,,local-unesco-thumb,
7afad623-4e4c-5ea0-bb8c-75cc95a93d2a,https://cloudflare-imgbed-euu.pages.dev/file/thumbnails/1788075141040_7afad623-4e4c-5ea0-bb8c-75cc95a93d2a_300px_state_historical_and_cultural_park_ancient_merv.jpg,,local-unesco-thumb,
7b0a15ed-a0b9-5e2b-b9ac-ddf049d1b2c4,https://cloudflare-imgbed-euu.pages.dev/file/thumbnails/1788075283378_7b0a15ed-a0b9-5e2b-b9ac-ddf049d1b2c4_300px_bwindi_impenetrable_national_park.jpg,,local-unesco-thumb,
1e7351e4-ce34-5cb6-a76d-5dcd89e944c2,https://cloudflare-imgbed-euu.pages.dev/file/thumbnails/1788075220885_1e7351e4-ce34-5cb6-a76d-5dcd89e944c2_300px_socotra_archipelago.jpg,,local-unesco-thumb,
453a1456-0abb-5d06-bf0b-773b31a4b029,https://cloudflare-imgbed-euu.pages.dev/file/thumbnails/1788075163035_453a1456-0abb-5d06-bf0b-773b31a4b029_300px_ancient_city_of_tauric_chersonese_and_its_chora.jpg,,local-unesco-thumb,
57b37db1-95dd-5442-bb98-b9abdb0100b0,https://cloudflare-imgbed-euu.pages.dev/file/thumbnails/1788075181894_57b37db1-95dd-5442-bb98-b9abdb0100b0_300px_göbekli_tepe.jpg,,local-unesco-thumb,
f951920b-49c0-5d7d-85d0-c78dbf2deee1,https://cloudflare-imgbed-euu.pages.dev/file/thumbnails/1788075093980_f951920b-49c0-5d7d-85d0-c78dbf2deee1_300px_city_of_bath.jpg,,local-unesco-thumb,
1198b295-5d04-5712-97d6-8b131ed24512,https://cloudflare-imgbed-euu.pages.dev/file/thumbnails/1788075225242_1198b295-5d04-5712-97d6-8b131ed24512_300px_derwent_valley_mills.jpg,,local-unesco-thumb,
64a42067-d852-52e5-8dcf-8ced59c4dece,https://cloudflare-imgbed-euu.pages.dev/file/thumbnails/1788075245438_64a42067-d852-52e5-8dcf-8ced59c4dece_300px_dorset_and_east_devon_coast.jpg,,local-unesco-thumb,
4decbfff-ea45-56f6-82f3-1043199b9711,https://cloudflare-imgbed-euu.pages.dev/file/thumbnails/1788075257484_4decbfff-ea45-56f6-82f3-1043199b9711_300px_sacred_city_of_anuradhapura.jpg,,local-unesco-thumb,
7b59741f-9c83-5c52-8709-c44333809b1c,https://cloudflare-imgbed-euu.pages.dev/file/thumbnails/1788075145889_7b59741f-9c83-5c52-8709-c44333809b1c_300px_tombs_of_buganda_kings_at_kasubi.jpg,,local-unesco-thumb,
3e7bc5cb-a8a8-55d9-846f-19428afa5ad8,https://cloudflare-imgbed-euu.pages.dev/file/thumbnails/1788075286364_3e7bc5cb-a8a8-55d9-846f-19428afa5ad8_300px_st_kilda.jpg,,local-unesco-thumb,
aff38f08-e1c1-5022-a015-225c853c1820,https://cloudflare-imgbed-euu.pages.dev/file/thumbnails/1788075107177_aff38f08-e1c1-5022-a015-225c853c1820_300px_serengeti_national_park.jpg,,local-unesco-thumb,
40cacfbc-727f-5173-ab3a-b534fe76e0c8,https://cloudflare-imgbed-euu.pages.dev/file/thumbnails/1788075104382_40cacfbc-727f-5173-ab3a-b534fe76e0c8_300px_stonehenge_avebury_and_associated_sites.jpg,,local-unesco-thumb,
54ee4d31-3b17-57b6-8694-b89fc4e997a7,https://cloudflare-imgbed-euu.pages.dev/file/thumbnails/1788075018086_54ee4d31-3b17-57b6-8694-b89fc4e997a7_300px_henderson_island.jpg,,local-unesco-thumb,
1448e834-90c7-53cd-ac5d-7ee7ffe206d9,https://cloudflare-imgbed-euu.pages.dev/file/thumbnails/1788075230120_1448e834-90c7-53cd-ac5d-7ee7ffe206d9_300px_faya_palaeolandscape.jpg,,local-unesco-thumb,
8cb9858f-ee16-582f-89ab-95349a8d3f80,https://cloudflare-imgbed-euu.pages.dev/file/thumbnails/1788075121682_8cb9858f-ee16-582f-89ab-95349a8d3f80_300px_stone_town_of_zanzibar.jpg,,local-unesco-thumb,
c79a5dda-e7a8-578f-b48c-47b56a7b8f6a,https://cloudflare-imgbed-euu.pages.dev/file/thumbnails/1788075126044_c79a5dda-e7a8-578f-b48c-47b56a7b8f6a_300px_the_flow_country.jpg,,local-unesco-thumb,
da1044b6-7a8c-5b2c-afcc-e309b9328957,https://cloudflare-imgbed-euu.pages.dev/file/thumbnails/1788075248399_da1044b6-7a8c-5b2c-afcc-e309b9328957_300px_chaco_culture.jpg,,local-unesco-thumb,
d538057e-a660-5a01-81ce-9dd945b5344e,https://cloudflare-imgbed-euu.pages.dev/file/thumbnails/1788075093092_d538057e-a660-5a01-81ce-9dd945b5344e_300px_great_smoky_mountains_national_park.jpg,,local-unesco-thumb,
7c88fddb-1ed0-54e0-8091-85e3392cbd32,https://cloudflare-imgbed-euu.pages.dev/file/thumbnails/1788075272831_7c88fddb-1ed0-54e0-8091-85e3392cbd32_300px_ruins_of_kilwa_kisiwani_and_ruins_of_songo_mnara.jpg,,local-unesco-thumb,
35067a48-95ad-568c-b7d6-eeaa8afc78eb,https://cloudflare-imgbed-euu.pages.dev/file/thumbnails/1788075140891_35067a48-95ad-568c-b7d6-eeaa8afc78eb_300px_monticello_and_the_university_of_virginia_in_charlottesville.jpg,,local-unesco-thumb,
976706fa-f2ab-5219-be11-513232795f8c,https://cloudflare-imgbed-euu.pages.dev/file/thumbnails/1788075095558_976706fa-f2ab-5219-be11-513232795f8c_300px_olympic_national_park.jpg,,local-unesco-thumb,
8ec0f015-6951-555c-ba64-33c18f43e9e6,https://cloudflare-imgbed-euu.pages.dev/file/thumbnails/1788075296511_8ec0f015-6951-555c-ba64-33c18f43e9e6_300px_mammoth_cave_national_park.jpg,,local-unesco-thumb,
0203019f-3eb1-5dd5-b326-f3ab75306dd4,https://cloudflare-imgbed-euu.pages.dev/file/thumbnails/1788075098329_0203019f-3eb1-5dd5-b326-f3ab75306dd4_300px_taos_pueblo.jpg,,local-unesco-thumb,
0715be06-4d4f-5e8d-bd83-091d4ee72563,https://cloudflare-imgbed-euu.pages.dev/file/thumbnails/1788075035136_0715be06-4d4f-5e8d-bd83-091d4ee72563_300px_everglades_national_park.jpg,,local-unesco-thumb,
8f1666c3-8827-5e26-a907-84e47324adf5,https://cloudflare-imgbed-euu.pages.dev/file/thumbnails/1788075278907_8f1666c3-8827-5e26-a907-84e47324adf5_300px_hopewell_ceremonial_earthworks.jpg,,local-unesco-thumb,
7773dc23-9eff-5f77-85fe-4e77ae48c779,https://cloudflare-imgbed-euu.pages.dev/file/thumbnails/1788075088028_7773dc23-9eff-5f77-85fe-4e77ae48c779_300px_historic_quarter_of_the_city_of_colonia_del_sacramento.jpg,,local-unesco-thumb,
710953f3-c22f-54e2-9987-c6b102f55b02,https://cloudflare-imgbed-euu.pages.dev/file/thumbnails/1788075141885_710953f3-c22f-54e2-9987-c6b102f55b02_300px_historic_centre_of_bukhara.jpg,,local-unesco-thumb,
5b3437f1-afe9-5b1e-b2ce-1209f34160b8,https://cloudflare-imgbed-euu.pages.dev/file/thumbnails/1788075097444_5b3437f1-afe9-5b1e-b2ce-1209f34160b8_300px_canaima_national_park.jpg,,local-unesco-thumb,
899035b9-6a43-52c7-924f-93fa2a66ed3f,https://cloudflare-imgbed-euu.pages.dev/file/thumbnails/1788075258704_899035b9-6a43-52c7-924f-93fa2a66ed3f_300px_ciudad_universitaria_de_caracas.jpg,,local-unesco-thumb,
0a8a0c01-9e16-58f7-b1a3-0c9a49eb60ad,https://cloudflare-imgbed-euu.pages.dev/file/thumbnails/1788075150974_0a8a0c01-9e16-58f7-b1a3-0c9a49eb60ad_300px_chief_roi_matas_domain.jpg,,local-unesco-thumb,
d054f351-0ec4-5fea-8aab-915d3291d85c,https://cloudflare-imgbed-euu.pages.dev/file/thumbnails/1788075119627_d054f351-0ec4-5fea-8aab-915d3291d85c_300px_fray_bentos_industrial_landscape.jpg,,local-unesco-thumb,
03b25e36-8adb-5fd9-b6b1-48e9113ba2d8,https://cloudflare-imgbed-euu.pages.dev/file/thumbnails/1788075260538_03b25e36-8adb-5fd9-b6b1-48e9113ba2d8_300px_samarkand_crossroad_of_cultures.jpg,,local-unesco-thumb,
aa0bcb57-7a28-5da5-9503-08e6f09d0bd1,https://cloudflare-imgbed-euu.pages.dev/file/thumbnails/1788075058183_aa0bcb57-7a28-5da5-9503-08e6f09d0bd1_300px_central_sector_of_the_imperial_citadel_of_thang_long_hanoi.jpg,,local-unesco-thumb,
2c699342-c542-5968-8242-288ac42d922e,https://cloudflare-imgbed-euu.pages.dev/file/thumbnails/1788075265063_2c699342-c542-5968-8242-288ac42d922e_300px_citadel_of_the_ho_dynasty.jpg,,local-unesco-thumb,
22730b21-d46a-5d67-8299-7a3082a990e4,https://cloudflare-imgbed-euu.pages.dev/file/thumbnails/1788075064618_22730b21-d46a-5d67-8299-7a3082a990e4_300px_the_work_of_engineer_eladio_dieste_church_of_atlántida.jpg,,local-unesco-thumb,
2387209a-c4c0-5282-a0e6-8c3893917a9f,https://cloudflare-imgbed-euu.pages.dev/file/thumbnails/1788075070702_2387209a-c4c0-5282-a0e6-8c3893917a9f_300px_mosi_oa_tunya_victoria_falls.jpg,,local-unesco-thumb,
f06c97be-37c3-52d7-bba7-dde16935b92d,https://cloudflare-imgbed-euu.pages.dev/file/thumbnails/1788075113377_f06c97be-37c3-52d7-bba7-dde16935b92d_300px_my_son_sanctuary.jpg,,local-unesco-thumb,
910352ba-9730-598a-b973-9747f93dfc7e,https://cloudflare-imgbed-euu.pages.dev/file/thumbnails/1788075015129_910352ba-9730-598a-b973-9747f93dfc7e_300px_trang_an_landscape_complex.jpg,,local-unesco-thumb,
4c5742fb-7de8-5b99-a07b-b0f96dfce6f2,https://cloudflare-imgbed-euu.pages.dev/file/thumbnails/1788075164696_4c5742fb-7de8-5b99-a07b-b0f96dfce6f2_300px_minaret_and_archaeological_remains_of_jam.jpg,,local-unesco-thumb,
a1d7e93d-f865-53f4-a76b-0c7895273013,https://cloudflare-imgbed-euu.pages.dev/file/thumbnails/1788075197439_a1d7e93d-f865-53f4-a76b-0c7895273013_300px_cultural_landscape_and_archaeological_remains_of_the_bamiyan.jpg,,local-unesco-thumb,
d3ccc2ef-56cd-5563-a52b-8042e3b81b0e,https://cloudflare-imgbed-euu.pages.dev/file/thumbnails/1788075323070_d3ccc2ef-56cd-5563-a52b-8042e3b81b0e_300px_ha_long_bay_cat_ba_archipelago.jpg,,local-unesco-thumb,
a3e04083-f693-5147-bc20-4f6dbcbff76e,https://cloudflare-imgbed-euu.pages.dev/file/thumbnails/1788075083738_a3e04083-f693-5147-bc20-4f6dbcbff76e_300px_ancient_and_primeval_beech_forests_of_the_carpathians_and_ot.jpg,,local-unesco-thumb,
e8bafc6f-9f11-5fd8-a228-8d4cc2cce64a,https://cloudflare-imgbed-euu.pages.dev/file/thumbnails/1788075240023_e8bafc6f-9f11-5fd8-a228-8d4cc2cce64a_300px_tassili_najjer.jpg,,local-unesco-thumb,
1f50265a-630f-5001-9526-87a494301aa4,https://cloudflare-imgbed-euu.pages.dev/file/thumbnails/1788075038632_1f50265a-630f-5001-9526-87a494301aa4_300px_djémila.jpg,,local-unesco-thumb,
9336e9c8-ea85-5103-bea2-eedf84e49b75,https://cloudflare-imgbed-euu.pages.dev/file/thumbnails/1788075265036_9336e9c8-ea85-5103-bea2-eedf84e49b75_300px_madriu_perafita_claror_valley.jpg,,local-unesco-thumb,
6b11e1fb-6a48-5811-b45b-8a0fe1906601,https://cloudflare-imgbed-euu.pages.dev/file/thumbnails/1788075302480_6b11e1fb-6a48-5811-b45b-8a0fe1906601_300px_historic_centres_of_berat_and_gjirokastra.jpg,,local-unesco-thumb,
cd621188-dd93-500d-9816-8df8e29cd566,https://cloudflare-imgbed-euu.pages.dev/file/thumbnails/1788075181813_cd621188-dd93-500d-9816-8df8e29cd566_300px_península_valdés.jpg,,local-unesco-thumb,
31ad2278-fcee-5aeb-8ac9-744ae74f6b32,https://cloudflare-imgbed-euu.pages.dev/file/thumbnails/1788075125401_31ad2278-fcee-5aeb-8ac9-744ae74f6b32_300px_jesuit_missions_of_the_guaranis_san_ignacio_mini_santa_ana_n.jpg,,local-unesco-thumb,
08b27b00-8f72-5eea-95e0-39f0480ea4c5,https://cloudflare-imgbed-euu.pages.dev/file/thumbnails/1788075194723_08b27b00-8f72-5eea-95e0-39f0480ea4c5_300px_budj_bim_cultural_landscape.jpg,,local-unesco-thumb,
12331936-b0db-5a58-9252-bbf3a5fce9a5,https://cloudflare-imgbed-euu.pages.dev/file/thumbnails/1788075173891_12331936-b0db-5a58-9252-bbf3a5fce9a5_300px_los_glaciares_national_park.jpg,,local-unesco-thumb,
e88f62a9-ed08-5689-9291-fdf9e3fd4930,https://cloudflare-imgbed-euu.pages.dev/file/thumbnails/1788075072149_e88f62a9-ed08-5689-9291-fdf9e3fd4930_300px_los_alerces_national_park.jpg,,local-unesco-thumb,
414b8278-e0a5-52bc-a2e1-1e45396c1515,https://cloudflare-imgbed-euu.pages.dev/file/thumbnails/1788075258232_414b8278-e0a5-52bc-a2e1-1e45396c1515_300px_quebrada_de_humahuaca.jpg,,local-unesco-thumb,
ac56bc90-eb4e-5c55-9da5-75dd8be7cbf7,https://cloudflare-imgbed-euu.pages.dev/file/thumbnails/1788075071041_ac56bc90-eb4e-5c55-9da5-75dd8be7cbf7_300px_gondwana_rainforests_of_australia.jpg,,local-unesco-thumb,
23b157fb-6dfa-5988-80a7-24c96d9817cb,https://cloudflare-imgbed-euu.pages.dev/file/thumbnails/1788075169427_23b157fb-6dfa-5988-80a7-24c96d9817cb_300px_heard_and_mcdonald_islands.jpg,,local-unesco-thumb,
0cfa404a-0f34-5ea7-8307-f7924f0e7f43,https://cloudflare-imgbed-euu.pages.dev/file/thumbnails/1788075202209_0cfa404a-0f34-5ea7-8307-f7924f0e7f43_300px_purnululu_national_park.jpg,,local-unesco-thumb,
cbed940d-362a-5fcc-9360-426e8f54c85e,https://cloudflare-imgbed-euu.pages.dev/file/thumbnails/1788075156846_cbed940d-362a-5fcc-9360-426e8f54c85e_300px_macquarie_island.jpg,,local-unesco-thumb,
f3e252ff-ed31-5b98-a8a9-d5419db94093,https://cloudflare-imgbed-euu.pages.dev/file/thumbnails/1788075152117_f3e252ff-ed31-5b98-a8a9-d5419db94093_300px_palace_and_gardens_of_schönbrunn.jpg,,local-unesco-thumb,
6bbbdaf1-27f3-54e0-8585-92f7555ef5b3,https://cloudflare-imgbed-euu.pages.dev/file/thumbnails/1788075167169_6bbbdaf1-27f3-54e0-8585-92f7555ef5b3_300px_willandra_lakes_region.jpg,,local-unesco-thumb,
37b22511-2326-5605-9e44-eb5dbca3b4f4,https://cloudflare-imgbed-euu.pages.dev/file/thumbnails/1788075209576_37b22511-2326-5605-9e44-eb5dbca3b4f4_300px_gobustan_rock_art_cultural_landscape.jpg,,local-unesco-thumb,
16fa57f4-fbcc-5b28-b50b-2bc2083c19e8,https://cloudflare-imgbed-euu.pages.dev/file/thumbnails/1788075327132_16fa57f4-fbcc-5b28-b50b-2bc2083c19e8_300px_historic_centre_of_vienna.jpg,,local-unesco-thumb,
337768f8-9087-5e7b-b244-68c7da6c10ec,https://cloudflare-imgbed-euu.pages.dev/file/thumbnails/1788075233313_337768f8-9087-5e7b-b244-68c7da6c10ec_300px_mir_castle_complex.jpg,,local-unesco-thumb,
1da39bbb-2780-56cd-a9e8-846c012cde4c,https://cloudflare-imgbed-euu.pages.dev/file/thumbnails/1788075229844_1da39bbb-2780-56cd-a9e8-846c012cde4c_300px_murujuga_cultural_landscape.jpg,,local-unesco-thumb,
6e0d4d36-6756-588c-8732-a3639b5e555d,https://cloudflare-imgbed-euu.pages.dev/file/thumbnails/1788075270467_6e0d4d36-6756-588c-8732-a3639b5e555d_300px_architectural_residential_and_cultural_complex_of_the_radziw.jpg,,local-unesco-thumb,
4959584f-01c2-5ea1-8981-d2e42fcc1505,https://cloudflare-imgbed-euu.pages.dev/file/thumbnails/1788075328471_4959584f-01c2-5ea1-8981-d2e42fcc1505_300px_hyrcanian_forests.jpg,,local-unesco-thumb,
3cfce339-99f3-55b0-a9eb-c04e33a7ee9f,https://cloudflare-imgbed-euu.pages.dev/file/thumbnails/1788075287589_3cfce339-99f3-55b0-a9eb-c04e33a7ee9f_300px_la_grand_place_brussels.jpg,,local-unesco-thumb,
d967b65e-a118-526b-84a7-ab12ac28af35,https://cloudflare-imgbed-euu.pages.dev/file/thumbnails/1788075177438_d967b65e-a118-526b-84a7-ab12ac28af35_300px_major_mining_sites_of_wallonia.jpg,,local-unesco-thumb,
30d549d3-260b-556c-94ee-34d66953f7fd,https://cloudflare-imgbed-euu.pages.dev/file/thumbnails/1788075255230_30d549d3-260b-556c-94ee-34d66953f7fd_300px_funerary_and_memory_sites_of_the_first_world_war_western_fro.jpg,,local-unesco-thumb,
a6cecf09-a463-5b02-b546-5934d49e5868,https://cloudflare-imgbed-euu.pages.dev/file/thumbnails/1788075297513_a6cecf09-a463-5b02-b546-5934d49e5868_300px_major_town_houses_of_the_architect_victor_horta_brussels.jpg,,local-unesco-thumb,
607913c6-7c3d-51c5-af42-6d40417f6d1e,https://cloudflare-imgbed-euu.pages.dev/file/thumbnails/1788075147056_607913c6-7c3d-51c5-af42-6d40417f6d1e_300px_plantin_moretus_house_workshops_museum_complex.jpg,,local-unesco-thumb,
840ac650-8d6b-54e2-b105-49aeaeffa16a,https://cloudflare-imgbed-euu.pages.dev/file/thumbnails/1788075256411_840ac650-8d6b-54e2-b105-49aeaeffa16a_300px_notre_dame_cathedral_in_tournai.jpg,,local-unesco-thumb,
db8b540d-b4f9-56cf-ab79-8b6c17562a26,https://cloudflare-imgbed-euu.pages.dev/file/thumbnails/1788075122108_db8b540d-b4f9-56cf-ab79-8b6c17562a26_300px_royal_palaces_of_abomey.jpg,,local-unesco-thumb,
ce8796b7-cc2a-53ac-9aec-b32a344f7200,https://cloudflare-imgbed-euu.pages.dev/file/thumbnails/1788075125848_ce8796b7-cc2a-53ac-9aec-b32a344f7200_300px_tiwanaku_spiritual_and_political_centre_of_the_tiwanaku_cult.jpg,,local-unesco-thumb,
1f666f49-1530-52ec-919a-b7a1ca17db8b,https://cloudflare-imgbed-euu.pages.dev/file/thumbnails/1788075052325_1f666f49-1530-52ec-919a-b7a1ca17db8b_300px_noel_kempff_mercado_national_park.jpg,,local-unesco-thumb,
bc1ae98a-0af0-57c3-9122-d27a5057d931,https://cloudflare-imgbed-euu.pages.dev/file/thumbnails/1788075055940_bc1ae98a-0af0-57c3-9122-d27a5057d931_300px_frontiers_of_the_roman_empire_the_danube_limes_western_segme.jpg,,local-unesco-thumb,
67649af5-110a-57f5-a36f-16afd21fc4b5,https://cloudflare-imgbed-euu.pages.dev/file/thumbnails/1788075098559_67649af5-110a-57f5-a36f-16afd21fc4b5_300px_old_bridge_area_of_the_old_city_of_mostar.jpg,,local-unesco-thumb,
e7112b79-2cd9-5208-b947-3e3c1aac20a1,https://cloudflare-imgbed-euu.pages.dev/file/thumbnails/1788075191332_e7112b79-2cd9-5208-b947-3e3c1aac20a1_300px_atlantic_forest_south_east_reserves.jpg,,local-unesco-thumb,
be2a5449-1aa2-5c47-914a-ce4600c331a5,https://cloudflare-imgbed-euu.pages.dev/file/thumbnails/1788075075301_be2a5449-1aa2-5c47-914a-ce4600c331a5_300px_central_amazon_conservation_complex.jpg,,local-unesco-thumb,
cbbf2b8b-f9d2-5490-8eac-1b0ae9d0d8d5,https://cloudflare-imgbed-euu.pages.dev/file/thumbnails/1788075035282_cbbf2b8b-f9d2-5490-8eac-1b0ae9d0d8d5_300px_cerrado_protected_areas_chapada_dos_veadeiros_and_emas_natio.jpg,,local-unesco-thumb,
70cf4c74-d656-5594-ae06-b95fb48e3bf5,https://cloudflare-imgbed-euu.pages.dev/file/thumbnails/1788075273737_70cf4c74-d656-5594-ae06-b95fb48e3bf5_300px_sanctuary_of_bom_jesus_do_congonhas.jpg,,local-unesco-thumb,
8588545a-757b-5744-942e-84aab7fe087f,https://cloudflare-imgbed-euu.pages.dev/file/thumbnails/1788075201682_8588545a-757b-5744-942e-84aab7fe087f_300px_ancient_city_of_nessebar.jpg,,local-unesco-thumb,
6b0e3cc7-bce8-5465-9a68-57e5fc1b03f5,https://cloudflare-imgbed-euu.pages.dev/file/thumbnails/1788075181224_6b0e3cc7-bce8-5465-9a68-57e5fc1b03f5_300px_thracian_tomb_of_kazanlak.jpg,,local-unesco-thumb,
9c1bf7fe-196c-5fb1-ada4-2cf50bfa87a1,https://cloudflare-imgbed-euu.pages.dev/file/thumbnails/1788075257817_9c1bf7fe-196c-5fb1-ada4-2cf50bfa87a1_300px_rock_hewn_churches_of_ivanovo.jpg,,local-unesco-thumb,
4a25c3a2-c196-5e67-860d-7ef42cc0af58,https://cloudflare-imgbed-euu.pages.dev/file/thumbnails/1788075195226_4a25c3a2-c196-5e67-860d-7ef42cc0af58_300px_srebarna_nature_reserve.jpg,,local-unesco-thumb,
84959d78-3c83-539c-ba8d-b7cefd8fd2b8,https://cloudflare-imgbed-euu.pages.dev/file/thumbnails/1788075038907_84959d78-3c83-539c-ba8d-b7cefd8fd2b8_300px_miguasha_national_park.jpg,,local-unesco-thumb,
1f656663-7435-5ead-919c-29de20752885,https://cloudflare-imgbed-euu.pages.dev/file/thumbnails/1788075213705_1f656663-7435-5ead-919c-29de20752885_300px_okavango_delta.jpg,,local-unesco-thumb,
a298c9cc-836a-595d-b2e9-a97cab9e91f1,https://cloudflare-imgbed-euu.pages.dev/file/thumbnails/1788075109352_a298c9cc-836a-595d-b2e9-a97cab9e91f1_300px_kluane_wrangell_st_elias_glacier_bay_tatshenshini_alsek.jpg,,local-unesco-thumb,
eb1b353b-9841-53ff-ad23-85f3e3d42e7d,https://cloudflare-imgbed-euu.pages.dev/file/thumbnails/1788075043230_eb1b353b-9841-53ff-ad23-85f3e3d42e7d_300px_dja_faunal_reserve.jpg,,local-unesco-thumb,
0f79bdad-c9b2-5e51-89bb-82f3e012c51c,https://cloudflare-imgbed-euu.pages.dev/file/thumbnails/1788075072895_0f79bdad-c9b2-5e51-89bb-82f3e012c51c_300px_suguang_gwaay.jpg,,local-unesco-thumb,
72604761-7096-51f9-8665-2fe2c47569a9,https://cloudflare-imgbed-euu.pages.dev/file/thumbnails/1788075075799_72604761-7096-51f9-8665-2fe2c47569a9_300px_anticosti.jpg,,local-unesco-thumb,
d052c31e-afcc-5223-9aba-5bf0684fb50b,https://cloudflare-imgbed-euu.pages.dev/file/thumbnails/1788075201172_d052c31e-afcc-5223-9aba-5bf0684fb50b_300px_lakes_of_ounianga.jpg,,local-unesco-thumb,
d396875b-c9e0-5c28-aed7-3d1c64fe3269,https://cloudflare-imgbed-euu.pages.dev/file/thumbnails/1788075093864_d396875b-c9e0-5c28-aed7-3d1c64fe3269_300px_temple_of_preah_vihear.jpg,,local-unesco-thumb,
450b41cb-c3b9-5334-95b3-3c8233d295cb,https://cloudflare-imgbed-euu.pages.dev/file/thumbnails/1788075031098_450b41cb-c3b9-5334-95b3-3c8233d295cb_300px_old_town_lunenburg.jpg,,local-unesco-thumb,
ad591338-ec9e-5bee-851b-5c7ccdb14e60,https://cloudflare-imgbed-euu.pages.dev/file/thumbnails/1788075288182_ad591338-ec9e-5bee-851b-5c7ccdb14e60_300px_dazu_rock_carvings.jpg,,local-unesco-thumb,
9997dd62-13d2-5ac4-ad87-a3d37dfc9c79,https://cloudflare-imgbed-euu.pages.dev/file/thumbnails/1788075169775_9997dd62-13d2-5ac4-ad87-a3d37dfc9c79_300px_historic_quarter_of_the_seaport_city_of_valparaíso.jpg,,local-unesco-thumb,
d1523aba-77ab-553b-9244-e961bd44f808,https://cloudflare-imgbed-euu.pages.dev/file/thumbnails/1788075181781_d1523aba-77ab-553b-9244-e961bd44f808_300px_classical_gardens_of_suzhou.jpg,,local-unesco-thumb,
78b7d48a-8cae-5cb5-a98a-4c565dc07ecf,https://cloudflare-imgbed-euu.pages.dev/file/thumbnails/1788075144829_78b7d48a-8cae-5cb5-a98a-4c565dc07ecf_300px_imperial_tombs_of_the_ming_and_qing_dynasties.jpg,,local-unesco-thumb,
c9992450-157d-5975-9556-6e89a3514399,https://cloudflare-imgbed-euu.pages.dev/file/thumbnails/1788075230411_c9992450-157d-5975-9556-6e89a3514399_300px_jiuzhaigou_valley_scenic_and_historic_interest_area.jpg,,local-unesco-thumb,
a2965ff4-5778-531a-9ce4-f3c3c59fbb46,https://cloudflare-imgbed-euu.pages.dev/file/thumbnails/1788075177739_a2965ff4-5778-531a-9ce4-f3c3c59fbb46_300px_mount_qingcheng_and_the_dujiangyan_irrigation_system.jpg,,local-unesco-thumb,
8b120f0a-240a-50d5-9220-611e0b169336,https://cloudflare-imgbed-euu.pages.dev/file/thumbnails/1788075033825_8b120f0a-240a-50d5-9220-611e0b169336_300px_wood_buffalo_national_park.jpg,,local-unesco-thumb,
f6d55e14-8488-5a76-8e09-46112bac0256,https://cloudflare-imgbed-euu.pages.dev/file/thumbnails/1788075123923_f6d55e14-8488-5a76-8e09-46112bac0256_300px_cultural_landscape_of_old_tea_forests_of_the_jingmai_mountai.jpg,,local-unesco-thumb,
d7ee19b5-2247-55b0-9fa8-a0b3672bba70,https://cloudflare-imgbed-euu.pages.dev/file/thumbnails/1788075147227_d7ee19b5-2247-55b0-9fa8-a0b3672bba70_300px_mount_sanqingshan_national_park.jpg,,local-unesco-thumb,
95fa0f45-4a35-56f5-9547-480a940f3ade,https://cloudflare-imgbed-euu.pages.dev/file/thumbnails/1788075037943_95fa0f45-4a35-56f5-9547-480a940f3ade_300px_longmen_grottoes.jpg,,local-unesco-thumb,
70e0c421-1409-5d13-b31f-15621aaceca2,https://cloudflare-imgbed-euu.pages.dev/file/thumbnails/1788075161218_70e0c421-1409-5d13-b31f-15621aaceca2_300px_mountain_resort_and_its_outlying_temples_chengde.jpg,,local-unesco-thumb,
f8eff109-91b9-5ccd-bd3a-205347955644,https://cloudflare-imgbed-euu.pages.dev/file/thumbnails/1788075193834_f8eff109-91b9-5ccd-bd3a-205347955644_300px_mount_wuyi.jpg,,local-unesco-thumb,
d16f1268-7910-5021-bbf8-e7d027521f89,https://cloudflare-imgbed-euu.pages.dev/file/thumbnails/1788075075839_d16f1268-7910-5021-bbf8-e7d027521f89_300px_old_town_of_lijiang.jpg,,local-unesco-thumb,
60158775-3624-5ede-bb0e-162620a5fb56,https://cloudflare-imgbed-euu.pages.dev/file/thumbnails/1788075299372_60158775-3624-5ede-bb0e-162620a5fb56_300px_tusi_sites.jpg,,local-unesco-thumb,
f5cc4733-18c2-55e2-95b5-94c07f5f7e8a,https://cloudflare-imgbed-euu.pages.dev/file/thumbnails/1788075309938_f5cc4733-18c2-55e2-95b5-94c07f5f7e8a_300px_west_lake_cultural_landscape_of_hangzhou.jpg,,local-unesco-thumb,
b41558e2-1319-56ae-aaa9-f9256d493f07,https://cloudflare-imgbed-euu.pages.dev/file/thumbnails/1788075319610_b41558e2-1319-56ae-aaa9-f9256d493f07_300px_yin_xu.jpg,,local-unesco-thumb,
cd0d44f1-df36-5702-96d1-e30537a1f1f1,https://cloudflare-imgbed-euu.pages.dev/file/thumbnails/1788075156327_cd0d44f1-df36-5702-96d1-e30537a1f1f1_300px_ancient_building_complex_in_the_wudang_mountains.jpg,,local-unesco-thumb,
bd97719b-a83b-545b-a216-2dbe174b92fe,https://cloudflare-imgbed-euu.pages.dev/file/thumbnails/1788075278330_bd97719b-a83b-545b-a216-2dbe174b92fe_300px_san_agustín_archaeological_park.jpg,,local-unesco-thumb,
3c771815-e58e-5ea1-b7ad-b50b971e481e,https://cloudflare-imgbed-euu.pages.dev/file/thumbnails/1788075056414_3c771815-e58e-5ea1-b7ad-b50b971e481e_300px_port_fortresses_and_group_of_monuments_cartagena.jpg,,local-unesco-thumb,
64a4467e-39ce-5302-abcb-e154a825713b,https://cloudflare-imgbed-euu.pages.dev/file/thumbnails/1788075197656_64a4467e-39ce-5302-abcb-e154a825713b_300px_chiribiquete_national_park_the_maloca_of_the_jaguar.jpg,,local-unesco-thumb,
b8a67028-db31-5ae0-85b5-c8b8d5b22494,https://cloudflare-imgbed-euu.pages.dev/file/thumbnails/1788075161336_b8a67028-db31-5ae0-85b5-c8b8d5b22494_300px_precolumbian_chiefdom_settlements_with_stone_spheres_of_the.jpg,,local-unesco-thumb,
9bd7295f-78f4-51bb-b9a6-bc9afb56a083,https://cloudflare-imgbed-euu.pages.dev/file/thumbnails/1788075323232_9bd7295f-78f4-51bb-b9a6-bc9afb56a083_300px_forest_massif_of_odzala_kokoua.jpg,,local-unesco-thumb,
965f388e-a54b-5d5c-9efc-2dd210b4a74e,https://cloudflare-imgbed-euu.pages.dev/file/thumbnails/1788075220383_965f388e-a54b-5d5c-9efc-2dd210b4a74e_300px_historic_centre_of_camagüey.jpg,,local-unesco-thumb,
00698bd8-044f-57d6-b05b-e847bfe46db9,https://cloudflare-imgbed-euu.pages.dev/file/thumbnails/1788075106759_00698bd8-044f-57d6-b05b-e847bfe46db9_300px_alejandro_de_humboldt_national_park.jpg,,local-unesco-thumb,
e6a6ec7f-7c99-5d24-96d6-335cf17c527c,https://cloudflare-imgbed-euu.pages.dev/file/thumbnails/1788075194024_e6a6ec7f-7c99-5d24-96d6-335cf17c527c_300px_plitvice_lakes_national_park.jpg,,local-unesco-thumb,
0015d9db-e9e6-5049-90f7-c2ef87204108,https://cloudflare-imgbed-euu.pages.dev/file/thumbnails/1788075214758_0015d9db-e9e6-5049-90f7-c2ef87204108_300px_talamanca_range_la_amistad_reserves_la_amistad_national_park.jpg,,local-unesco-thumb,
92fd7540-66d1-5628-8ea7-0ea669330810,https://cloudflare-imgbed-euu.pages.dev/file/thumbnails/1788075137724_92fd7540-66d1-5628-8ea7-0ea669330810_300px_painted_churches_in_the_troodos_region.jpg,,local-unesco-thumb,
96cbfcbb-7240-57a7-973e-c600370d2510,https://cloudflare-imgbed-euu.pages.dev/file/thumbnails/1788075182827_96cbfcbb-7240-57a7-973e-c600370d2510_300px_kutná_hora_historical_town_centre_with_the_church_of_st_barb.jpg,,local-unesco-thumb,
05950598-5f2d-585d-ad5b-ccd608710f1f,https://cloudflare-imgbed-euu.pages.dev/file/thumbnails/1788075102869_05950598-5f2d-585d-ad5b-ccd608710f1f_300px_kahuzi_biega_national_park.jpg,,local-unesco-thumb,
81d954cf-aca7-59e6-8d91-ab3374bb06d0,https://cloudflare-imgbed-euu.pages.dev/file/thumbnails/1788075177068_81d954cf-aca7-59e6-8d91-ab3374bb06d0_300px_holašovice_historic_village.jpg,,local-unesco-thumb,
6cb00875-6d49-55d2-b08c-557fa7710422,https://cloudflare-imgbed-euu.pages.dev/file/thumbnails/1788075312944_6cb00875-6d49-55d2-b08c-557fa7710422_300px_morne_trois_pitons_national_park.jpg,,local-unesco-thumb,
d72edce7-47c4-5c07-b100-a08a2b7e0f6d,https://cloudflare-imgbed-euu.pages.dev/file/thumbnails/1788075130219_d72edce7-47c4-5c07-b100-a08a2b7e0f6d_300px_holy_trinity_column_in_olomouc.jpg,,local-unesco-thumb,
92103e21-4569-5f17-812b-d55b1e26b0eb,https://cloudflare-imgbed-euu.pages.dev/file/thumbnails/1788075075811_92103e21-4569-5f17-812b-d55b1e26b0eb_300px_three_parallel_rivers_of_yunnan_protected_areas.jpg,,local-unesco-thumb,
53857adf-f274-540b-a506-b3941f4f3e20,https://cloudflare-imgbed-euu.pages.dev/file/thumbnails/1788075101536_53857adf-f274-540b-a506-b3941f4f3e20_300px_wadden_sea.jpg,,local-unesco-thumb,
9b27eecc-8869-57b6-8b09-dec4c8c1a4aa,https://cloudflare-imgbed-euu.pages.dev/file/thumbnails/1788075275880_9b27eecc-8869-57b6-8b09-dec4c8c1a4aa_300px_abu_mena.jpg,,local-unesco-thumb,
de153380-480c-544d-901a-1b023ff3b242,https://cloudflare-imgbed-euu.pages.dev/file/thumbnails/1788075197606_de153380-480c-544d-901a-1b023ff3b242_300px_ancient_thebes_with_its_necropolis.jpg,,local-unesco-thumb,
6c8505d1-398f-5be2-88a0-969be0b7df93,https://cloudflare-imgbed-euu.pages.dev/file/thumbnails/1788075290989_6c8505d1-398f-5be2-88a0-969be0b7df93_300px_sangay_national_park.jpg,,local-unesco-thumb,
d81221f2-3f5f-5d81-8735-f63644962a58,https://cloudflare-imgbed-euu.pages.dev/file/thumbnails/1788075262257_d81221f2-3f5f-5d81-8735-f63644962a58_300px_venetian_works_of_defence_between_the_16th_and_17th_centurie.jpg,,local-unesco-thumb,
b44f3220-b545-5e0e-a0ed-14b52ad4b5b0,https://cloudflare-imgbed-euu.pages.dev/file/thumbnails/1788075068093_b44f3220-b545-5e0e-a0ed-14b52ad4b5b0_300px_galápagos_islands.jpg,,local-unesco-thumb,
8e76ce23-8093-5cde-bed4-d022ac4bd421,https://cloudflare-imgbed-euu.pages.dev/file/thumbnails/1788075056906_8e76ce23-8093-5cde-bed4-d022ac4bd421_300px_aksum.jpg,,local-unesco-thumb,
e21eb4b8-35cd-5107-98e7-c96a388cf790,https://cloudflare-imgbed-euu.pages.dev/file/thumbnails/1788075329419_e21eb4b8-35cd-5107-98e7-c96a388cf790_300px_historic_centre_old_town_of_tallinn.jpg,,local-unesco-thumb,
114b65bc-b1ef-5be9-8db4-66b631de5f28,https://cloudflare-imgbed-euu.pages.dev/file/thumbnails/1788075125630_114b65bc-b1ef-5be9-8db4-66b631de5f28_300px_konso_cultural_landscape.jpg,,local-unesco-thumb,
d6bc1a8b-8461-58fd-9717-767d13f4ec54,https://cloudflare-imgbed-euu.pages.dev/file/thumbnails/1788075308152_d6bc1a8b-8461-58fd-9717-767d13f4ec54_300px_lower_valley_of_the_awash.jpg,,local-unesco-thumb,
da9f6630-417f-52b6-b45a-5671470b0d0f,https://cloudflare-imgbed-euu.pages.dev/file/thumbnails/1788075334334_da9f6630-417f-52b6-b45a-5671470b0d0f_300px_roskilde_cathedral.jpg,,local-unesco-thumb,
76600bd4-948f-51c9-8fd3-24859facf308,https://cloudflare-imgbed-euu.pages.dev/file/thumbnails/1788075066941_76600bd4-948f-51c9-8fd3-24859facf308_300px_fasil_ghebbi_gondar_region.jpg,,local-unesco-thumb,
85994688-9497-5c53-8584-817e4fc08b3a,https://cloudflare-imgbed-euu.pages.dev/file/thumbnails/1788075254645_85994688-9497-5c53-8584-817e4fc08b3a_300px_simien_national_park.jpg,,local-unesco-thumb,
02dcdcf8-a466-5f58-aca3-055f6953a080,https://cloudflare-imgbed-euu.pages.dev/file/thumbnails/1788075038164_02dcdcf8-a466-5f58-aca3-055f6953a080_300px_old_rauma.jpg,,local-unesco-thumb,
434e3962-49b7-5677-b61d-0c03e950bf48,https://cloudflare-imgbed-euu.pages.dev/file/thumbnails/1788075062902_434e3962-49b7-5677-b61d-0c03e950bf48_300px_levuka_historical_port_town.jpg,,local-unesco-thumb,
3320b4ba-1318-590c-b86d-0379c7ca5e04,https://cloudflare-imgbed-euu.pages.dev/file/thumbnails/1788075080149_3320b4ba-1318-590c-b86d-0379c7ca5e04_300px_fortress_of_suomenlinna.jpg,,local-unesco-thumb,
0107a955-18e7-5e5c-add9-6cbe5477544b,https://cloudflare-imgbed-euu.pages.dev/file/thumbnails/1788075023276_0107a955-18e7-5e5c-add9-6cbe5477544b_300px_historic_fortified_city_of_carcassonne.jpg,,local-unesco-thumb,
5e817749-1abb-5f00-8226-a5d658e66e5a,https://cloudflare-imgbed-euu.pages.dev/file/thumbnails/1788075201955_5e817749-1abb-5f00-8226-a5d658e66e5a_300px_nord_pas_de_calais_mining_basin.jpg,,local-unesco-thumb,
692553c5-db41-5fbb-8c61-557cedd5a315,https://cloudflare-imgbed-euu.pages.dev/file/thumbnails/1788075164107_692553c5-db41-5fbb-8c61-557cedd5a315_300px_mont_saint_michel_and_its_bay.jpg,,local-unesco-thumb,
5a9a019b-0200-584e-bfb6-c46335599219,https://cloudflare-imgbed-euu.pages.dev/file/thumbnails/1788075208131_5a9a019b-0200-584e-bfb6-c46335599219_300px_palace_and_park_of_fontainebleau.jpg,,local-unesco-thumb,
b3f56711-fad3-50ef-94d4-b9d17ba97626,https://cloudflare-imgbed-euu.pages.dev/file/thumbnails/1788075239239_b3f56711-fad3-50ef-94d4-b9d17ba97626_300px_pitons_cirques_and_remparts_of_reunion_island.jpg,,local-unesco-thumb,
fd31dd9c-d3ad-553f-9dfa-354efc77ede1,https://cloudflare-imgbed-euu.pages.dev/file/thumbnails/1788075118440_fd31dd9c-d3ad-553f-9dfa-354efc77ede1_300px_taputapuātea.jpg,,local-unesco-thumb,
1e6220f3-fdfd-52c7-9921-70c570149409,https://cloudflare-imgbed-euu.pages.dev/file/thumbnails/1788075182199_1e6220f3-fdfd-52c7-9921-70c570149409_300px_provins_town_of_medieval_fairs.jpg,,local-unesco-thumb,
659550a0-a5e9-56c9-95fa-18264ffc9049,https://cloudflare-imgbed-euu.pages.dev/file/thumbnails/1788075046605_659550a0-a5e9-56c9-95fa-18264ffc9049_300px_strasbourg_grande_île_and_emneustadtem.jpg,,local-unesco-thumb,
14c64ff8-0432-54b4-ac71-db365cf2a9fb,https://cloudflare-imgbed-euu.pages.dev/file/thumbnails/1788075334391_14c64ff8-0432-54b4-ac71-db365cf2a9fb_300px_the_causses_and_the_cévennes_mediterranean_agro_pastoral_cul.jpg,,local-unesco-thumb,
a37d89f1-a887-5378-8629-745fa80b64d4,https://cloudflare-imgbed-euu.pages.dev/file/thumbnails/1788075066637_a37d89f1-a887-5378-8629-745fa80b64d4_300px_the_gedeo_cultural_landscape.jpg,,local-unesco-thumb,
c1f2493a-4233-54c5-b832-96318bbb5c8f,https://cloudflare-imgbed-euu.pages.dev/file/thumbnails/1788075246253_c1f2493a-4233-54c5-b832-96318bbb5c8f_300px_the_loire_valley_between_sully_sur_loire_and_chalonnes.jpg,,local-unesco-thumb,
83d4b99c-12e8-5e8f-989e-ab21b8b6e433,https://cloudflare-imgbed-euu.pages.dev/file/thumbnails/1788075253745_83d4b99c-12e8-5e8f-989e-ab21b8b6e433_300px_volcanoes_and_forests_of_mount_pelée_and_the_pitons_of_north.jpg,,local-unesco-thumb,
57922af1-e23a-5526-a80f-23203617c46a,https://cloudflare-imgbed-euu.pages.dev/file/thumbnails/1788075313067_57922af1-e23a-5526-a80f-23203617c46a_300px_ecosystem_and_relict_cultural_landscape_of_lopé_okanda.jpg,,local-unesco-thumb,
13e1e950-c86a-5ead-8cb8-851d91edaf8f,https://cloudflare-imgbed-euu.pages.dev/file/thumbnails/1788075174132_13e1e950-c86a-5ead-8cb8-851d91edaf8f_300px_the_climats_terroirs_of_burgundy.jpg,,local-unesco-thumb,
69e6230c-bcda-585c-9393-3b9be71f077a,https://cloudflare-imgbed-euu.pages.dev/file/thumbnails/1788075020277_69e6230c-bcda-585c-9393-3b9be71f077a_300px_abbey_and_altenmünster_of_lorsch.jpg,,local-unesco-thumb,
91d24ef1-756e-53a2-84ac-ab4279ce7a3b,https://cloudflare-imgbed-euu.pages.dev/file/thumbnails/1788075140699_91d24ef1-756e-53a2-84ac-ab4279ce7a3b_300px_colchic_rainforests_and_wetlands.jpg,,local-unesco-thumb,
793230ff-b7be-523a-9a90-a51d261e9ef6,https://cloudflare-imgbed-euu.pages.dev/file/thumbnails/1788075136781_793230ff-b7be-523a-9a90-a51d261e9ef6_300px_gelati_monastery.jpg,,local-unesco-thumb,
44aaced7-702b-5165-b769-f509de057edd,https://cloudflare-imgbed-euu.pages.dev/file/thumbnails/1788075235487_44aaced7-702b-5165-b769-f509de057edd_300px_bergpark_wilhelmshöhe.jpg,,local-unesco-thumb,
9112dcdb-4eec-5800-8e00-ac6535574545,https://cloudflare-imgbed-euu.pages.dev/file/thumbnails/1788075226566_9112dcdb-4eec-5800-8e00-ac6535574545_300px_ivindo_national_park.jpg,,local-unesco-thumb,
ceeeb346-1be9-57e0-9858-45bbbb021ab5,https://cloudflare-imgbed-euu.pages.dev/file/thumbnails/1788075191630_ceeeb346-1be9-57e0-9858-45bbbb021ab5_300px_megaliths_of_carnac_and_of_the_shores_of_morbihan.jpg,,local-unesco-thumb,
d4ebb5ba-e6f0-5da6-a5c8-379cafcbe92f,https://cloudflare-imgbed-euu.pages.dev/file/thumbnails/1788075213197_d4ebb5ba-e6f0-5da6-a5c8-379cafcbe92f_300px_cologne_cathedral.jpg,,local-unesco-thumb,
abc989af-93c9-5220-884e-69569c27a956,https://cloudflare-imgbed-euu.pages.dev/file/thumbnails/1788075161275_abc989af-93c9-5220-884e-69569c27a956_300px_collegiate_church_castle_and_old_town_of_quedlinburg.jpg,,local-unesco-thumb,
cfbb936c-953d-582d-add1-510031fdcf99,https://cloudflare-imgbed-euu.pages.dev/file/thumbnails/1788075287758_cfbb936c-953d-582d-add1-510031fdcf99_300px_margravial_opera_house_bayreuth.jpg,,local-unesco-thumb,
8172298d-0839-552c-8e22-7114b673e5aa,https://cloudflare-imgbed-euu.pages.dev/file/thumbnails/1788075199997_8172298d-0839-552c-8e22-7114b673e5aa_300px_old_town_of_corfu.jpg,,local-unesco-thumb,
fba9aa4d-d629-57f2-ae02-eb6de50f9f64,https://cloudflare-imgbed-euu.pages.dev/file/thumbnails/1788075065068_fba9aa4d-d629-57f2-ae02-eb6de50f9f64_300px_garden_kingdom_of_dessau_wörlitz.jpg,,local-unesco-thumb,
0567e3b5-24b3-533f-9760-40cf46ad6836,https://cloudflare-imgbed-euu.pages.dev/file/thumbnails/1788075292349_0567e3b5-24b3-533f-9760-40cf46ad6836_300px_jewish_medieval_heritage_of_erfurt.jpg,,local-unesco-thumb,
c7b2fbd6-4a3a-5be5-a5c0-fdc4bffb91d3,https://cloudflare-imgbed-euu.pages.dev/file/thumbnails/1788075096348_c7b2fbd6-4a3a-5be5-a5c0-fdc4bffb91d3_300px_museumsinsel_museum_island_berlin.jpg,,local-unesco-thumb,
de919efe-0bf4-56ea-ac33-97b44fbb9a3c,https://cloudflare-imgbed-euu.pages.dev/file/thumbnails/1788075197519_de919efe-0bf4-56ea-ac33-97b44fbb9a3c_300px_messel_pit_fossil_site.jpg,,local-unesco-thumb,
ef2abe62-5ef6-554d-938b-17d3c13955d0,https://cloudflare-imgbed-euu.pages.dev/file/thumbnails/1788075270824_ef2abe62-5ef6-554d-938b-17d3c13955d0_300px_pilgrimage_church_of_wies.jpg,,local-unesco-thumb,
42d2c00d-ff65-5663-94b6-f3aa62d7a08e,https://cloudflare-imgbed-euu.pages.dev/file/thumbnails/1788075028752_42d2c00d-ff65-5663-94b6-f3aa62d7a08e_300px_speyer_cathedral.jpg,,local-unesco-thumb,
aea9220e-4718-5028-8989-f05c369145aa,https://cloudflare-imgbed-euu.pages.dev/file/thumbnails/1788075079725_aea9220e-4718-5028-8989-f05c369145aa_300px_town_of_bamberg.jpg,,local-unesco-thumb,
6533eb3f-ec2b-5efe-aa1c-90d3bc5cab06,https://cloudflare-imgbed-euu.pages.dev/file/thumbnails/1788075081381_6533eb3f-ec2b-5efe-aa1c-90d3bc5cab06_300px_archaeological_site_of_aigai_modern_name_vergina.jpg,,local-unesco-thumb,
a4510c80-e7bb-5afd-b13c-140e3cdf6e59,https://cloudflare-imgbed-euu.pages.dev/file/thumbnails/1788075192560_a4510c80-e7bb-5afd-b13c-140e3cdf6e59_300px_asante_traditional_buildings.jpg,,local-unesco-thumb,
687dbd24-9ea1-50c4-91c3-657bdd99c797,https://cloudflare-imgbed-euu.pages.dev/file/thumbnails/1788075248651_687dbd24-9ea1-50c4-91c3-657bdd99c797_300px_archaeological_site_of_mystras.jpg,,local-unesco-thumb,
cfe84de5-a92f-58c0-8f25-0364b33f30c9,https://cloudflare-imgbed-euu.pages.dev/file/thumbnails/1788075312924_cfe84de5-a92f-58c0-8f25-0364b33f30c9_300px_acropolis_athens.jpg,,local-unesco-thumb,
6f8599bc-2fe5-5b61-9246-e2ac62ddce94,https://cloudflare-imgbed-euu.pages.dev/file/thumbnails/1788075306595_6f8599bc-2fe5-5b61-9246-e2ac62ddce94_300px_schwerin_residence_ensemble.jpg,,local-unesco-thumb,
e97e35a2-61ef-55ec-a8c8-cc5f7d6e7993,https://cloudflare-imgbed-euu.pages.dev/file/thumbnails/1788075253565_e97e35a2-61ef-55ec-a8c8-cc5f7d6e7993_300px_archaeological_site_of_delphi.jpg,,local-unesco-thumb,
bfdb6c41-27f9-5646-9035-25f3723e0c36,https://cloudflare-imgbed-euu.pages.dev/file/thumbnails/1788075254530_bfdb6c41-27f9-5646-9035-25f3723e0c36_300px_archaeological_site_of_olympia.jpg,,local-unesco-thumb,
62d7fd46-917f-56cd-8bbf-ee64b2b496aa,https://cloudflare-imgbed-euu.pages.dev/file/thumbnails/1788075071825_62d7fd46-917f-56cd-8bbf-ee64b2b496aa_300px_sanctuary_of_asklepios_at_epidaurus.jpg,,local-unesco-thumb,
3a65622f-fe03-585b-ad89-bf45b5095111,https://cloudflare-imgbed-euu.pages.dev/file/thumbnails/1788075101801_3a65622f-fe03-585b-ad89-bf45b5095111_300px_minoan_palatial_centres.jpg,,local-unesco-thumb,
79c26af6-f892-51e1-99c7-d2a6148867a0,https://cloudflare-imgbed-euu.pages.dev/file/thumbnails/1788075059838_79c26af6-f892-51e1-99c7-d2a6148867a0_300px_antigua_guatemala.jpg,,local-unesco-thumb,
341b44a3-97f4-54b1-9560-64693d673887,https://cloudflare-imgbed-euu.pages.dev/file/thumbnails/1788075033539_341b44a3-97f4-54b1-9560-64693d673887_300px_monasteries_of_daphni_hosios_loukas_and_nea_moni_of_chios.jpg,,local-unesco-thumb,
f400e904-669c-52cb-90a0-ec8a78806cc7,https://cloudflare-imgbed-euu.pages.dev/file/thumbnails/1788075141882_f400e904-669c-52cb-90a0-ec8a78806cc7_300px_national_archaeological_park_takalik_abaj.jpg,,local-unesco-thumb,
82b315fa-04e4-527a-8a22-3f495a461d73,https://cloudflare-imgbed-euu.pages.dev/file/thumbnails/1788075096245_82b315fa-04e4-527a-8a22-3f495a461d73_300px_vatican_city.jpg,,local-unesco-thumb,
e31bb8e6-5b4e-5694-b5c0-c77e2748ca1d,https://cloudflare-imgbed-euu.pages.dev/file/thumbnails/1788075313863_e31bb8e6-5b4e-5694-b5c0-c77e2748ca1d_300px_caves_of_aggtelek_karst_and_slovak_karst.jpg,,local-unesco-thumb,
638fc7f2-f38a-524a-a08f-9373ddbca088,https://cloudflare-imgbed-euu.pages.dev/file/thumbnails/1788075075443_638fc7f2-f38a-524a-a08f-9373ddbca088_300px_paleochristian_and_byzantine_monuments_of_thessalonika.jpg,,local-unesco-thumb,
3387a64f-56d2-5768-b889-c313e8fcd301,https://cloudflare-imgbed-euu.pages.dev/file/thumbnails/1788075320958_3387a64f-56d2-5768-b889-c313e8fcd301_300px_early_christian_necropolis_of_pécs_sopianae.jpg,,local-unesco-thumb,
5af0377c-f151-598d-b235-f5534008001d,https://cloudflare-imgbed-euu.pages.dev/file/thumbnails/1788075087834_5af0377c-f151-598d-b235-f5534008001d_300px_budapest_including_the_banks_of_the_danube_the_buda_castle_q.jpg,,local-unesco-thumb,
d111f1a7-95a4-59d1-b365-eb4f40fccdbf,https://cloudflare-imgbed-euu.pages.dev/file/thumbnails/1788075204973_d111f1a7-95a4-59d1-b365-eb4f40fccdbf_300px_classical_weimar.jpg,,local-unesco-thumb,
619fb368-6eaa-5c21-a177-08e6193e8cbe,https://cloudflare-imgbed-euu.pages.dev/file/thumbnails/1788075326716_619fb368-6eaa-5c21-a177-08e6193e8cbe_300px_old_village_of_hollókő_and_its_surroundings.jpg,,local-unesco-thumb,
f9d3c010-8cd7-5dcd-bde3-01b97f357c29,https://cloudflare-imgbed-euu.pages.dev/file/thumbnails/1788075135961_f9d3c010-8cd7-5dcd-bde3-01b97f357c29_300px_hortobágy_national_park_the_ipusztai.jpg,,local-unesco-thumb,
8168ad4a-85b0-5ff4-acdc-efcdf7184f19,https://cloudflare-imgbed-euu.pages.dev/file/thumbnails/1788075087460_8168ad4a-85b0-5ff4-acdc-efcdf7184f19_300px_surtsey.jpg,,local-unesco-thumb,
4d46952a-f339-5e32-8ec2-0ae9e5809e8c,https://cloudflare-imgbed-euu.pages.dev/file/thumbnails/1788075113600_4d46952a-f339-5e32-8ec2-0ae9e5809e8c_300px_historic_centre_of_rome_the_properties_of_the_holy_see_in_th.jpg,,local-unesco-thumb,
c4db6f95-dcdf-5f0a-afd1-1614a8c21bc7,https://cloudflare-imgbed-euu.pages.dev/file/thumbnails/1788075230081_c4db6f95-dcdf-5f0a-afd1-1614a8c21bc7_300px_ajanta_caves.jpg,,local-unesco-thumb,
0d73d84a-3e52-5dca-9bae-ae70619acf0b,https://cloudflare-imgbed-euu.pages.dev/file/thumbnails/1788075016676_0d73d84a-3e52-5dca-9bae-ae70619acf0b_300px_buddhist_monuments_at_sanchi.jpg,,local-unesco-thumb,
a64ca13e-db8b-5e4a-b4b1-5c142a790b4a,https://cloudflare-imgbed-euu.pages.dev/file/thumbnails/1788075275604_a64ca13e-db8b-5e4a-b4b1-5c142a790b4a_300px_fatehpur_sikri.jpg,,local-unesco-thumb,
69a34f98-d76c-5629-8f11-a6df4b47a72e,https://cloudflare-imgbed-euu.pages.dev/file/thumbnails/1788075318896_69a34f98-d76c-5629-8f11-a6df4b47a72e_300px_churches_and_convents_of_goa.jpg,,local-unesco-thumb,
50e3b512-fb71-59a2-bc17-4047742c2664,https://cloudflare-imgbed-euu.pages.dev/file/thumbnails/1788075268147_50e3b512-fb71-59a2-bc17-4047742c2664_300px_archaeological_site_of_nalanda_mahavihara_at_nalanda_bihar.jpg,,local-unesco-thumb,
e1c6ca74-0a02-5e31-9d7d-884d7a20b401,https://cloudflare-imgbed-euu.pages.dev/file/thumbnails/1788075331161_e1c6ca74-0a02-5e31-9d7d-884d7a20b401_300px_group_of_monuments_at_hampi.jpg,,local-unesco-thumb,
932db5c9-8731-5e8a-a24f-0bdc9e531fc8,https://cloudflare-imgbed-euu.pages.dev/file/thumbnails/1788075247894_932db5c9-8731-5e8a-a24f-0bdc9e531fc8_300px_khajuraho_group_of_monuments.jpg,,local-unesco-thumb,
5004038f-59d1-5ffa-b68a-834d3b6e7cdc,https://cloudflare-imgbed-euu.pages.dev/file/thumbnails/1788075081120_5004038f-59d1-5ffa-b68a-834d3b6e7cdc_300px_humayuns_tomb_delhi.jpg,,local-unesco-thumb,
9f9209c7-f016-5d5f-b98e-bd4ec9767145,https://cloudflare-imgbed-euu.pages.dev/file/thumbnails/1788075323957_9f9209c7-f016-5d5f-b98e-bd4ec9767145_300px_khangchendzonga_national_park.jpg,,local-unesco-thumb,
f60b48cc-4228-513b-9182-7cc2be0093a3,https://cloudflare-imgbed-euu.pages.dev/file/thumbnails/1788075226884_f60b48cc-4228-513b-9182-7cc2be0093a3_300px_dholavira_a_harappan_city.jpg,,local-unesco-thumb,
509c8438-d8e7-5534-a983-7bef6e6642b2,https://cloudflare-imgbed-euu.pages.dev/file/thumbnails/1788075282410_509c8438-d8e7-5534-a983-7bef6e6642b2_300px_borobudur_temple_compounds.jpg,,local-unesco-thumb,
089990d7-5359-5271-a581-13f1ea72e225,https://cloudflare-imgbed-euu.pages.dev/file/thumbnails/1788075100660_089990d7-5359-5271-a581-13f1ea72e225_300px_great_himalayan_national_park_conservation_area.jpg,,local-unesco-thumb,
eddc049f-6cef-5fb9-8041-1d2855d6f293,https://cloudflare-imgbed-euu.pages.dev/file/thumbnails/1788075029007_eddc049f-6cef-5fb9-8041-1d2855d6f293_300px_ujung_kulon_national_park.jpg,,local-unesco-thumb,
f0b18491-664a-57d5-86de-065761f88a7f,https://cloudflare-imgbed-euu.pages.dev/file/thumbnails/1788075273107_f0b18491-664a-57d5-86de-065761f88a7f_300px_historic_city_of_yazd.jpg,,local-unesco-thumb,
9571f6eb-5154-528f-9ad3-ec72ce9dba13,https://cloudflare-imgbed-euu.pages.dev/file/thumbnails/1788075106228_9571f6eb-5154-528f-9ad3-ec72ce9dba13_300px_shushtar_historical_hydraulic_system.jpg,,local-unesco-thumb,
3ba036eb-1501-59dc-b0e5-860bd947d7ac,https://cloudflare-imgbed-euu.pages.dev/file/thumbnails/1788075136656_3ba036eb-1501-59dc-b0e5-860bd947d7ac_300px_persepolis.jpg,,local-unesco-thumb,
066056dd-f7d4-5f6c-a6d0-4be20e11bdca,https://cloudflare-imgbed-euu.pages.dev/file/thumbnails/1788075204386_066056dd-f7d4-5f6c-a6d0-4be20e11bdca_300px_tchogha_zanbil.jpg,,local-unesco-thumb,
7ef566bc-c637-5c59-9332-5d65e2098315,https://cloudflare-imgbed-euu.pages.dev/file/thumbnails/1788075153804_7ef566bc-c637-5c59-9332-5d65e2098315_300px_victorian_gothic_and_art_deco_ensembles_of_mumbai.jpg,,local-unesco-thumb,
1b90cae6-c36d-5631-900a-24a99fc0a705,https://cloudflare-imgbed-euu.pages.dev/file/thumbnails/1788075189514_1b90cae6-c36d-5631-900a-24a99fc0a705_300px_takht_e_soleyman.jpg,,local-unesco-thumb,
a604e784-0742-575b-8ee9-e6dfb7fa08a4,https://cloudflare-imgbed-euu.pages.dev/file/thumbnails/1788075132813_a604e784-0742-575b-8ee9-e6dfb7fa08a4_300px_maratha_military_landscapes_of_india.jpg,,local-unesco-thumb,
9aa93e89-6a9e-5a39-ae4b-5ace5538b40d,https://cloudflare-imgbed-euu.pages.dev/file/thumbnails/1788075190994_9aa93e89-6a9e-5a39-ae4b-5ace5538b40d_300px_erbil_citadel.jpg,,local-unesco-thumb,
618b1cab-855d-5088-85f2-6ef360fcd5fe,https://cloudflare-imgbed-euu.pages.dev/file/thumbnails/1788075072301_618b1cab-855d-5088-85f2-6ef360fcd5fe_300px_sassanid_archaeological_landscape_of_fars_region.jpg,,local-unesco-thumb,
986a3444-0c1c-58c2-b138-1f94d8bcb4fc,https://cloudflare-imgbed-euu.pages.dev/file/thumbnails/1788075024420_986a3444-0c1c-58c2-b138-1f94d8bcb4fc_300px_bahái_holy_places_in_haifa_and_the_western_galilee.jpg,,local-unesco-thumb,
cf6fc769-598d-5c84-b3e7-24f8fd9e7478,https://cloudflare-imgbed-euu.pages.dev/file/thumbnails/1788075312127_cf6fc769-598d-5c84-b3e7-24f8fd9e7478_300px_brú_na_bóinne_archaeological_ensemble_of_the_bend_of_the_boy.jpg,,local-unesco-thumb,
aae3cde2-4331-510a-8dfa-a12713c93021,https://cloudflare-imgbed-euu.pages.dev/file/thumbnails/1788075007361_aae3cde2-4331-510a-8dfa-a12713c93021_300px_sites_of_human_evolution_at_mount_carmel_the_nahal_mearot_wa.jpg,,local-unesco-thumb,
13f182a9-d815-5f90-b094-840ca6eda2f2,https://cloudflare-imgbed-euu.pages.dev/file/thumbnails/1788075189183_13f182a9-d815-5f90-b094-840ca6eda2f2_300px_susa.jpg,,local-unesco-thumb,
355cccc5-0089-53ef-a57d-3ed619cc9b70,https://cloudflare-imgbed-euu.pages.dev/file/thumbnails/1788075287646_355cccc5-0089-53ef-a57d-3ed619cc9b70_300px_old_city_of_acre.jpg,,local-unesco-thumb,
815f49ed-0046-52c5-8731-a0164bdac430,https://cloudflare-imgbed-euu.pages.dev/file/thumbnails/1788075331729_815f49ed-0046-52c5-8731-a0164bdac430_300px_archaeological_area_and_the_patriarchal_basilica_of_aquileia.jpg,,local-unesco-thumb,
e312ba79-d42a-50d3-9427-7009f0d496d2,https://cloudflare-imgbed-euu.pages.dev/file/thumbnails/1788075025695_e312ba79-d42a-50d3-9427-7009f0d496d2_300px_babylon.jpg,,local-unesco-thumb,
3bdb5673-8899-51df-a014-8add46cd446f,https://cloudflare-imgbed-euu.pages.dev/file/thumbnails/1788075068839_3bdb5673-8899-51df-a014-8add46cd446f_300px_castel_del_monte.jpg,,local-unesco-thumb,
0f934a09-2890-509e-971c-64a3cf215720,https://cloudflare-imgbed-euu.pages.dev/file/thumbnails/1788075308705_0f934a09-2890-509e-971c-64a3cf215720_300px_masada.jpg,,local-unesco-thumb,
ff1e5d3b-0f69-5237-b859-329624759b69,https://cloudflare-imgbed-euu.pages.dev/file/thumbnails/1788075128264_ff1e5d3b-0f69-5237-b859-329624759b69_300px_archaeological_area_of_agrigento.jpg,,local-unesco-thumb,
54794a55-e5d0-55c1-aa74-a62986e2b7d1,https://cloudflare-imgbed-euu.pages.dev/file/thumbnails/1788075270553_54794a55-e5d0-55c1-aa74-a62986e2b7d1_300px_city_of_vicenza_and_the_palladian_villas_of_the_veneto.jpg,,local-unesco-thumb,
7d27a540-c08d-5074-b161-161485e33303,https://cloudflare-imgbed-euu.pages.dev/file/thumbnails/1788075303698_7d27a540-c08d-5074-b161-161485e33303_300px_early_christian_monuments_of_ravenna.jpg,,local-unesco-thumb,
3da054b3-f92e-527c-ad5a-72bcec388484,https://cloudflare-imgbed-euu.pages.dev/file/thumbnails/1788075093109_3da054b3-f92e-527c-ad5a-72bcec388484_300px_assisi_the_basilica_of_san_francesco_and_other_franciscan_si.jpg,,local-unesco-thumb,
edc1a22a-cbf6-54ea-bac8-437f15a25576,https://cloudflare-imgbed-euu.pages.dev/file/thumbnails/1788075197986_edc1a22a-cbf6-54ea-bac8-437f15a25576_300px_arab_norman_palermo_and_the_cathedral_churches_of_cefalú_and.jpg,,local-unesco-thumb,
3379e6f0-9b54-5faa-8d27-c729f95e047e,https://cloudflare-imgbed-euu.pages.dev/file/thumbnails/1788075275584_3379e6f0-9b54-5faa-8d27-c729f95e047e_300px_monte_san_giorgio.jpg,,local-unesco-thumb,
d8ff621d-0fa1-5c92-9262-f5e7611dfbc8,https://cloudflare-imgbed-euu.pages.dev/file/thumbnails/1788075333171_d8ff621d-0fa1-5c92-9262-f5e7611dfbc8_300px_evaporitic_karst_and_caves_of_northern_apennines.jpg,,local-unesco-thumb,
11a9ee4c-d148-57e5-9ef9-b83a0360d3ca,https://cloudflare-imgbed-euu.pages.dev/file/thumbnails/1788075135763_11a9ee4c-d148-57e5-9ef9-b83a0360d3ca_300px_historic_centre_of_siena.jpg,,local-unesco-thumb,
40dd7b75-bf52-5a64-b2ec-d6aaaf44301e,https://cloudflare-imgbed-euu.pages.dev/file/thumbnails/1788075256605_40dd7b75-bf52-5a64-b2ec-d6aaaf44301e_300px_rhaetian_railway_in_the_albula_bernina_landscapes.jpg,,local-unesco-thumb,
1765c9f1-bb40-5a42-8d38-bffb842dc571,https://cloudflare-imgbed-euu.pages.dev/file/thumbnails/1788075085233_1765c9f1-bb40-5a42-8d38-bffb842dc571_300px_andrefana_dry_forests.jpg,,local-unesco-thumb,
4963f62c-0714-5a75-878e-420c117baceb,https://cloudflare-imgbed-euu.pages.dev/file/thumbnails/1788075188509_4963f62c-0714-5a75-878e-420c117baceb_300px_the_sassi_and_the_park_of_the_rupestrian_churches_of_matera.jpg,,local-unesco-thumb,
d4a0f098-e414-5a65-a2ef-96cfbf8dd5eb,https://cloudflare-imgbed-euu.pages.dev/file/thumbnails/1788075081503_d4a0f098-e414-5a65-a2ef-96cfbf8dd5eb_300px_villa_adriana_tivoli.jpg,,local-unesco-thumb,
b1fc8e10-cdfb-57de-b6d7-a034703fb8a2,https://cloudflare-imgbed-euu.pages.dev/file/thumbnails/1788075323288_b1fc8e10-cdfb-57de-b6d7-a034703fb8a2_300px_villa_romana_del_casale.jpg,,local-unesco-thumb,
b530e85c-c4e0-5dbf-8048-eacbd6c72562,https://cloudflare-imgbed-euu.pages.dev/file/thumbnails/1788075214004_b530e85c-c4e0-5dbf-8048-eacbd6c72562_300px_blue_and_john_crow_mountains.jpg,,local-unesco-thumb,
c5d68f18-7a5d-5558-adaf-2c7da9ae0fe1,https://cloudflare-imgbed-euu.pages.dev/file/thumbnails/1788075260595_c5d68f18-7a5d-5558-adaf-2c7da9ae0fe1_300px_vineyard_landscape_of_piedmont_langhe_roero_and_monferrato.jpg,,local-unesco-thumb,
a9ae4b2d-ac3c-5093-9747-f43dbd33372d,https://cloudflare-imgbed-euu.pages.dev/file/thumbnails/1788075121846_a9ae4b2d-ac3c-5093-9747-f43dbd33372d_300px_amami_oshima_island_tokunoshima_island_northern_part_of_okin.jpg,,local-unesco-thumb,
4e1d12a6-9172-5018-a25e-e6f285963e26,https://cloudflare-imgbed-euu.pages.dev/file/thumbnails/1788075080677_4e1d12a6-9172-5018-a25e-e6f285963e26_300px_hiraizumi_temples_gardens_and_archaeological_sites_represent.jpg,,local-unesco-thumb,
279e44ff-00d7-5a98-815a-e8a905103afe,https://cloudflare-imgbed-euu.pages.dev/file/thumbnails/1788075292915_279e44ff-00d7-5a98-815a-e8a905103afe_300px_historic_villages_of_shirakawa_go_and_gokayama.jpg,,local-unesco-thumb,
33007de6-3576-5742-9ee2-4a8f8daa22b7,https://cloudflare-imgbed-euu.pages.dev/file/thumbnails/1788075096718_33007de6-3576-5742-9ee2-4a8f8daa22b7_300px_the_porticoes_of_bologna.jpg,,local-unesco-thumb,
18d68b89-fcd5-5eba-a46e-2329da2327b1,https://cloudflare-imgbed-euu.pages.dev/file/thumbnails/1788075012117_18d68b89-fcd5-5eba-a46e-2329da2327b1_300px_petra.jpg,,local-unesco-thumb,
cf708ebd-d5c2-5657-abf2-7ac57c4ccb41,https://cloudflare-imgbed-euu.pages.dev/file/thumbnails/1788075222899_cf708ebd-d5c2-5657-abf2-7ac57c4ccb41_300px_mausoleum_of_khoja_ahmed_yasawi.jpg,,local-unesco-thumb,
d12938fc-3aad-5a50-bf6a-6c3a81ba52f5,https://cloudflare-imgbed-euu.pages.dev/file/thumbnails/1788075135048_d12938fc-3aad-5a50-bf6a-6c3a81ba52f5_300px_saryarka_steppe_and_lakes_of_northern_kazakhstan.jpg,,local-unesco-thumb,
443266d8-61dc-5898-8b2a-8616487e5ce4,https://cloudflare-imgbed-euu.pages.dev/file/thumbnails/1788075236419_443266d8-61dc-5898-8b2a-8616487e5ce4_300px_sacred_sites_and_pilgrimage_routes_in_the_kii_mountain_range.jpg,,local-unesco-thumb,
8020fb26-693e-5645-809c-0587558ffec9,https://cloudflare-imgbed-euu.pages.dev/file/thumbnails/1788075187455_8020fb26-693e-5645-809c-0587558ffec9_300px_sacred_mijikenda_kaya_forests.jpg,,local-unesco-thumb,
88f62835-548e-5a62-aa43-0259e1d42b63,https://cloudflare-imgbed-euu.pages.dev/file/thumbnails/1788075138612_88f62835-548e-5a62-aa43-0259e1d42b63_300px_megalithic_jar_sites_in_xiengkhuang_plain_of_jars.jpg,,local-unesco-thumb,
3e8cc8e8-441b-5277-9927-f3d592afcca7,https://cloudflare-imgbed-euu.pages.dev/file/thumbnails/1788075152638_3e8cc8e8-441b-5277-9927-f3d592afcca7_300px_tyre.jpg,,local-unesco-thumb,
212cbb04-0990-550e-9054-16667302d01f,https://cloudflare-imgbed-euu.pages.dev/file/thumbnails/1788075256630_212cbb04-0990-550e-9054-16667302d01f_300px_maloti_drakensberg_park.jpg,,local-unesco-thumb,
c9dc1f14-1bd2-5745-915c-a7eb9a0e9f41,https://cloudflare-imgbed-euu.pages.dev/file/thumbnails/1788075127211_c9dc1f14-1bd2-5745-915c-a7eb9a0e9f41_300px_archaeological_site_of_sabratha.jpg,,local-unesco-thumb,
ba415b05-8747-5fba-a690-529c10eb247a,https://cloudflare-imgbed-euu.pages.dev/file/thumbnails/1788075207028_ba415b05-8747-5fba-a690-529c10eb247a_300px_paduas_fourteenth_century_fresco_cycles.jpg,,local-unesco-thumb,
6132378a-c2e1-5a95-ba57-6a8778ff0bc2,https://cloudflare-imgbed-euu.pages.dev/file/thumbnails/1788075233285_6132378a-c2e1-5a95-ba57-6a8778ff0bc2_300px_archaeological_site_of_leptis_magna.jpg,,local-unesco-thumb,
35ba6d20-533d-58d7-a97d-c1ae9cf63f90,https://cloudflare-imgbed-euu.pages.dev/file/thumbnails/1788075149258_35ba6d20-533d-58d7-a97d-c1ae9cf63f90_300px_kernavė_archaeological_site_cultural_reserve_of_kernavė.jpg,,local-unesco-thumb,
24ad40c6-c960-5c9f-8e7a-9ec81d2cbcab,https://cloudflare-imgbed-euu.pages.dev/file/thumbnails/1788075246559_24ad40c6-c960-5c9f-8e7a-9ec81d2cbcab_300px_lake_malawi_national_park.jpg,,local-unesco-thumb,
56e7e9ec-a017-53eb-a62e-5cb4ab4c6673,https://cloudflare-imgbed-euu.pages.dev/file/thumbnails/1788075204630_56e7e9ec-a017-53eb-a62e-5cb4ab4c6673_300px_phoenix_islands_protected_area.jpg,,local-unesco-thumb,
9e5a845d-bcb5-50ac-bd84-b7b097658770,https://cloudflare-imgbed-euu.pages.dev/file/thumbnails/1788075231880_9e5a845d-bcb5-50ac-bd84-b7b097658770_300px_petroglyphs_of_the_archaeological_landscape_of_tanbaly.jpg,,local-unesco-thumb,
cb2aa763-ba48-5c23-9e96-fb928400eefe,https://cloudflare-imgbed-euu.pages.dev/file/thumbnails/1788075082369_cb2aa763-ba48-5c23-9e96-fb928400eefe_300px_kinabalu_park.jpg,,local-unesco-thumb,
27c09e7c-d3ef-53d7-b96a-5436954969ad,https://cloudflare-imgbed-euu.pages.dev/file/thumbnails/1788075253098_27c09e7c-d3ef-53d7-b96a-5436954969ad_300px_melaka_and_george_town_historic_cities_of_the_straits_of_mal.jpg,,local-unesco-thumb,
f7c17b96-7e1f-578d-9b79-610e80980359,https://cloudflare-imgbed-euu.pages.dev/file/thumbnails/1788075018262_f7c17b96-7e1f-578d-9b79-610e80980359_300px_chongoni_rock_art_area.jpg,,local-unesco-thumb,
5484672c-25d8-551c-84ea-da06f3929bc2,https://cloudflare-imgbed-euu.pages.dev/file/thumbnails/1788075119720_5484672c-25d8-551c-84ea-da06f3929bc2_300px_cliff_of_bandiagara_land_of_the_dogons.jpg,,local-unesco-thumb,
733cc294-3d6f-5da4-b1b8-e81489db77e4,https://cloudflare-imgbed-euu.pages.dev/file/thumbnails/1788075058592_733cc294-3d6f-5da4-b1b8-e81489db77e4_300px_ħal_saflieni_hypogeum.jpg,,local-unesco-thumb,
93be6874-cdd7-55d4-93e2-4ff4a8e90e87,https://cloudflare-imgbed-euu.pages.dev/file/thumbnails/1788075151021_93be6874-cdd7-55d4-93e2-4ff4a8e90e87_300px_old_towns_of_djenné.jpg,,local-unesco-thumb,
eb2f60b8-8b57-532a-8883-fd64e9a34cf0,https://cloudflare-imgbed-euu.pages.dev/file/thumbnails/1788075231378_eb2f60b8-8b57-532a-8883-fd64e9a34cf0_300px_forest_research_institute_malaysia_forest_park_selangor.jpg,,local-unesco-thumb,
bf40b385-662e-58ad-b31e-6c1189dc2e7b,https://cloudflare-imgbed-euu.pages.dev/file/thumbnails/1788075202139_bf40b385-662e-58ad-b31e-6c1189dc2e7b_300px_churches_of_the_pskov_school_of_architecture.jpg,,local-unesco-thumb,
2f6bcbf5-6c3c-51d8-9314-963bf5c4d455,https://cloudflare-imgbed-euu.pages.dev/file/thumbnails/1788075046448_2f6bcbf5-6c3c-51d8-9314-963bf5c4d455_300px_aapravasi_ghat.jpg,,local-unesco-thumb,
c3ad1f4e-5a18-5550-87c4-5b0f978b80f7,https://cloudflare-imgbed-euu.pages.dev/file/thumbnails/1788075234349_c3ad1f4e-5a18-5550-87c4-5b0f978b80f7_300px_agave_landscape_and_ancient_industrial_facilities_of_tequila.jpg,,local-unesco-thumb,
74e64355-c8fb-530f-95ce-be7aec3707c2,https://cloudflare-imgbed-euu.pages.dev/file/thumbnails/1788075223412_74e64355-c8fb-530f-95ce-be7aec3707c2_300px_archaeological_zone_of_paquimé_casas_grandes.jpg,,local-unesco-thumb,
383dcf32-8cbc-50be-8dd1-2fa652d4afab,https://cloudflare-imgbed-euu.pages.dev/file/thumbnails/1788075313460_383dcf32-8cbc-50be-8dd1-2fa652d4afab_300px_el_pinacate_and_gran_desierto_de_altar_biosphere_reserve.jpg,,local-unesco-thumb,
c8fb68d4-10e3-547c-9d5d-2a73dbb36451,https://cloudflare-imgbed-euu.pages.dev/file/thumbnails/1788075098861_c8fb68d4-10e3-547c-9d5d-2a73dbb36451_300px_historic_centre_of_mexico_city_and_xochimilco.jpg,,local-unesco-thumb,
2ada3776-c505-5918-8479-97d1fe2ee4c4,https://cloudflare-imgbed-euu.pages.dev/file/thumbnails/1788075020138_2ada3776-c505-5918-8479-97d1fe2ee4c4_300px_historic_centre_of_zacatecas.jpg,,local-unesco-thumb,
bf47427b-b4a7-5c2e-8f96-8544737a4372,https://cloudflare-imgbed-euu.pages.dev/file/thumbnails/1788075211009_bf47427b-b4a7-5c2e-8f96-8544737a4372_300px_archipiélago_de_revillagigedo.jpg,,local-unesco-thumb,
03c1ca7b-9a60-5a96-a983-babc09ab7548,https://cloudflare-imgbed-euu.pages.dev/file/thumbnails/1788075046240_03c1ca7b-9a60-5a96-a983-babc09ab7548_300px_historic_town_of_guanajuato_and_adjacent_mines.jpg,,local-unesco-thumb,
79038762-0439-564e-8be2-c62daa374445,https://cloudflare-imgbed-euu.pages.dev/file/thumbnails/1788075068143_79038762-0439-564e-8be2-c62daa374445_300px_historic_monuments_zone_of_tlacotalpan.jpg,,local-unesco-thumb,
05abc780-75de-5e11-afa2-27931a67d207,https://cloudflare-imgbed-euu.pages.dev/file/thumbnails/1788075166505_05abc780-75de-5e11-afa2-27931a67d207_300px_city_of_valletta.jpg,,local-unesco-thumb,
e3a99d19-a9f8-50ea-b115-02e79d5031db,https://cloudflare-imgbed-euu.pages.dev/file/thumbnails/1788075300548_e3a99d19-a9f8-50ea-b115-02e79d5031db_300px_historic_centre_of_puebla.jpg,,local-unesco-thumb,
e2ec89e7-8677-5d9a-9583-4c40516f0fdf,https://cloudflare-imgbed-euu.pages.dev/file/thumbnails/1788075283846_e2ec89e7-8677-5d9a-9583-4c40516f0fdf_300px_pre_hispanic_city_of_chichen_itza.jpg,,local-unesco-thumb,
a2a3577d-a250-524a-b42f-04bd069ffa3d,https://cloudflare-imgbed-euu.pages.dev/file/thumbnails/1788075175036_a2a3577d-a250-524a-b42f-04bd069ffa3d_300px_pre_hispanic_city_and_national_park_of_palenque.jpg,,local-unesco-thumb,
246e8250-f210-593e-8901-80afb62984a8,https://cloudflare-imgbed-euu.pages.dev/file/thumbnails/1788075104407_246e8250-f210-593e-8901-80afb62984a8_300px_protective_town_of_san_miguel_and_the_sanctuary_of_jesús_naz.jpg,,local-unesco-thumb,
46469277-f080-5f4d-b90b-d1b78c1ec84d,https://cloudflare-imgbed-euu.pages.dev/file/thumbnails/1788075102720_46469277-f080-5f4d-b90b-d1b78c1ec84d_300px_islands_and_protected_areas_of_the_gulf_of_california.jpg,,local-unesco-thumb,
3c785db5-8a1a-5d77-abe9-61cbd80e6251,https://cloudflare-imgbed-euu.pages.dev/file/thumbnails/1788075055473_3c785db5-8a1a-5d77-abe9-61cbd80e6251_300px_uvs_nuur_basin.jpg,,local-unesco-thumb,
b1c3155e-fc8f-5da2-b649-8753ae7ed833,https://cloudflare-imgbed-euu.pages.dev/file/thumbnails/1788075187765_b1c3155e-fc8f-5da2-b649-8753ae7ed833_300px_archaeological_site_of_volubilis.jpg,,local-unesco-thumb,
d823fce8-9456-5c03-bdcd-95bfad8f4796,https://cloudflare-imgbed-euu.pages.dev/file/thumbnails/1788075145883_d823fce8-9456-5c03-bdcd-95bfad8f4796_300px_bikini_atoll_nuclear_test_site.jpg,,local-unesco-thumb,
537f3e4b-7e1e-5d91-ab59-c581ef5cd58c,https://cloudflare-imgbed-euu.pages.dev/file/thumbnails/1788075189183_537f3e4b-7e1e-5d91-ab59-c581ef5cd58c_300px_medina_of_marrakesh.jpg,,local-unesco-thumb,
d949d34a-0398-5e2d-bcc6-a02a254dec9f,https://cloudflare-imgbed-euu.pages.dev/file/thumbnails/1788075107059_d949d34a-0398-5e2d-bcc6-a02a254dec9f_300px_wixárika_route_through_sacred_sites_to_wirikuta_tatehuarí_hu.jpg,,local-unesco-thumb,
bf1c4146-0679-5bb4-8363-a70ddaccea84,https://cloudflare-imgbed-euu.pages.dev/file/thumbnails/1788075035511_bf1c4146-0679-5bb4-8363-a70ddaccea84_300px_chitwan_national_park.jpg,,local-unesco-thumb,
46eedc7a-a087-55dc-b552-49d7cac966a2,https://cloudflare-imgbed-euu.pages.dev/file/thumbnails/1788075323669_46eedc7a-a087-55dc-b552-49d7cac966a2_300px_schokland_and_surroundings.jpg,,local-unesco-thumb,
41dcdb50-218c-5968-be64-8d579ea8c813,https://cloudflare-imgbed-euu.pages.dev/file/thumbnails/1788075243676_41dcdb50-218c-5968-be64-8d579ea8c813_300px_bryggen.jpg,,local-unesco-thumb,
29f7b2e9-5b80-5bcb-a809-3b0eb4633cd4,https://cloudflare-imgbed-euu.pages.dev/file/thumbnails/1788075154085_29f7b2e9-5b80-5bcb-a809-3b0eb4633cd4_300px_natural_and_culturo_historical_region_of_kotor.jpg,,local-unesco-thumb,
77eb2597-59c7-5b2a-8631-4bb6ec0d98e6,https://cloudflare-imgbed-euu.pages.dev/file/thumbnails/1788075160386_77eb2597-59c7-5b2a-8631-4bb6ec0d98e6_300px_røros_mining_town_and_the_circumference.jpg,,local-unesco-thumb,
9ca8f8f5-bb46-5324-9f66-9d456f6d3086,https://cloudflare-imgbed-euu.pages.dev/file/thumbnails/1788075232898_9ca8f8f5-bb46-5324-9f66-9d456f6d3086_300px_land_of_frankincense.jpg,,local-unesco-thumb,
53a5dda0-32a8-5a14-8b1c-8b17d384afbc,https://cloudflare-imgbed-euu.pages.dev/file/thumbnails/1788075314690_53a5dda0-32a8-5a14-8b1c-8b17d384afbc_300px_rock_art_of_alta.jpg,,local-unesco-thumb,
17d216e4-7243-58d8-a5b1-900e90debee0,https://cloudflare-imgbed-euu.pages.dev/file/thumbnails/1788075245980_17d216e4-7243-58d8-a5b1-900e90debee0_300px_ancient_city_of_qalhat.jpg,,local-unesco-thumb,
3993003c-4198-51c2-9023-bfad8e941f3b,https://cloudflare-imgbed-euu.pages.dev/file/thumbnails/1788075095350_3993003c-4198-51c2-9023-bfad8e941f3b_300px_bahla_fort.jpg,,local-unesco-thumb,
50a7b03a-b358-5141-9be9-ce033367f23e,https://cloudflare-imgbed-euu.pages.dev/file/thumbnails/1788075211045_50a7b03a-b358-5141-9be9-ce033367f23e_300px_deer_stone_monuments_and_related_bronze_age_sites.jpg,,local-unesco-thumb,
5907d81b-1028-5b01-9b8f-2b00c5928243,https://cloudflare-imgbed-euu.pages.dev/file/thumbnails/1788075144098_5907d81b-1028-5b01-9b8f-2b00c5928243_300px_rjukan_notodden_industrial_heritage_site.jpg,,local-unesco-thumb,
4ce6b631-cbaa-5d71-b16d-78611f10d5b0,https://cloudflare-imgbed-euu.pages.dev/file/thumbnails/1788075246574_4ce6b631-cbaa-5d71-b16d-78611f10d5b0_300px_chavin_archaeological_site.jpg,,local-unesco-thumb,
ba042dda-bffa-584a-b1fc-dddcb629bbef,https://cloudflare-imgbed-euu.pages.dev/file/thumbnails/1788075233589_ba042dda-bffa-584a-b1fc-dddcb629bbef_300px_baroque_churches_of_the_philippines.jpg,,local-unesco-thumb,
f0881a27-ab83-56eb-809c-41cbffb950c0,https://cloudflare-imgbed-euu.pages.dev/file/thumbnails/1788075262183_f0881a27-ab83-56eb-809c-41cbffb950c0_300px_chankillo_archaeoastronomical_complex.jpg,,local-unesco-thumb,
bccdeefe-6c77-5c30-a832-5201af7f8ecf,https://cloudflare-imgbed-euu.pages.dev/file/thumbnails/1788075101927_bccdeefe-6c77-5c30-a832-5201af7f8ecf_300px_mount_hamiguitan_range_wildlife_sanctuary.jpg,,local-unesco-thumb,
03cb3c38-5be3-5700-9492-23afcadcc377,https://cloudflare-imgbed-euu.pages.dev/file/thumbnails/1788075060339_03cb3c38-5be3-5700-9492-23afcadcc377_300px_castle_of_the_teutonic_order_in_malbork.jpg,,local-unesco-thumb,
d66c7b0d-6de1-5616-869e-feeffccca3f1,https://cloudflare-imgbed-euu.pages.dev/file/thumbnails/1788075021961_d66c7b0d-6de1-5616-869e-feeffccca3f1_300px_fortifications_on_the_caribbean_side_of_panama_portobelo_san.jpg,,local-unesco-thumb,
93de1fae-884e-563c-bf6b-781159766e18,https://cloudflare-imgbed-euu.pages.dev/file/thumbnails/1788075172203_93de1fae-884e-563c-bf6b-781159766e18_300px_wooden_emtserkvasem_of_the_carpathian_region_in_poland_and_u.jpg,,local-unesco-thumb,
64b08c6c-30a3-5a14-9e2c-c6701aefd81f,https://cloudflare-imgbed-euu.pages.dev/file/thumbnails/1788075132210_64b08c6c-30a3-5a14-9e2c-c6701aefd81f_300px_kalwaria_zebrzydowska_the_mannerist_architectural_and_park_l.jpg,,local-unesco-thumb,
c65be02c-544b-5ec9-8a71-fc1d1d949d16,https://cloudflare-imgbed-euu.pages.dev/file/thumbnails/1788075078164_c65be02c-544b-5ec9-8a71-fc1d1d949d16_300px_historic_centre_of_évora.jpg,,local-unesco-thumb,
b6305ae6-1726-50d4-9c8b-38930eafdd33,https://cloudflare-imgbed-euu.pages.dev/file/thumbnails/1788075011443_b6305ae6-1726-50d4-9c8b-38930eafdd33_300px_the_colonial_transisthmian_route_of_panamá.jpg,,local-unesco-thumb,
3326af6f-8b0d-5edb-a523-5d5535a425de,https://cloudflare-imgbed-euu.pages.dev/file/thumbnails/1788075050762_3326af6f-8b0d-5edb-a523-5d5535a425de_300px_landscape_of_the_pico_island_vineyard_culture.jpg,,local-unesco-thumb,
9458e914-1ba5-5f0f-b0c0-9e66dbf3ba9f,https://cloudflare-imgbed-euu.pages.dev/file/thumbnails/1788075305465_9458e914-1ba5-5f0f-b0c0-9e66dbf3ba9f_300px_puerto_princesa_subterranean_river_national_park.jpg,,local-unesco-thumb,
cc420916-c848-5c35-9255-cf83a21dca82,https://cloudflare-imgbed-euu.pages.dev/file/thumbnails/1788075232151_cc420916-c848-5c35-9255-cf83a21dca82_300px_university_of_coimbra_alta_and_sofia.jpg,,local-unesco-thumb,
8d661b34-a5a5-50ee-a638-e6eadf0a14ba,https://cloudflare-imgbed-euu.pages.dev/file/thumbnails/1788075228599_8d661b34-a5a5-50ee-a638-e6eadf0a14ba_300px_gochang_hwasun_and_ganghwa_dolmen_sites.jpg,,local-unesco-thumb,
9d4f6d63-ca2f-56b8-b5e4-b5f69ca80729,https://cloudflare-imgbed-euu.pages.dev/file/thumbnails/1788075024392_9d4f6d63-ca2f-56b8-b5e4-b5f69ca80729_300px_jeju_volcanic_island_and_lava_tubes.jpg,,local-unesco-thumb,
4504d34f-27c9-5dfb-be1e-5a535e8fdd93,https://cloudflare-imgbed-euu.pages.dev/file/thumbnails/1788075193999_4504d34f-27c9-5dfb-be1e-5a535e8fdd93_300px_seokguram_grotto_and_bulguksa_temple.jpg,,local-unesco-thumb,
17ed2a0e-2419-538e-b6ba-5786c6315b99,https://cloudflare-imgbed-euu.pages.dev/file/thumbnails/1788075061938_17ed2a0e-2419-538e-b6ba-5786c6315b99_300px_seowon_korean_neo_confucian_academies.jpg,,local-unesco-thumb,
ed948ea0-9a86-5c71-8b0c-3b27ce7c093a,https://cloudflare-imgbed-euu.pages.dev/file/thumbnails/1788075218790_ed948ea0-9a86-5c71-8b0c-3b27ce7c093a_300px_monastery_of_horezu.jpg,,local-unesco-thumb,
c4ca183c-f6bc-5a41-aec9-0b3b7159fa1b,https://cloudflare-imgbed-euu.pages.dev/file/thumbnails/1788075087539_c4ca183c-f6bc-5a41-aec9-0b3b7159fa1b_300px_church_of_the_ascension_kolomenskoye.jpg,,local-unesco-thumb,
36056e4f-db0b-5c64-898e-1f9e7a726cb5,https://cloudflare-imgbed-euu.pages.dev/file/thumbnails/1788075126302_36056e4f-db0b-5c64-898e-1f9e7a726cb5_300px_cultural_and_historic_ensemble_of_the_solovetsky_islands.jpg,,local-unesco-thumb,
53273e12-ae5c-552c-b7e9-5404a9faf471,https://cloudflare-imgbed-euu.pages.dev/file/thumbnails/1788075064678_53273e12-ae5c-552c-b7e9-5404a9faf471_300px_citadel_ancient_city_and_fortress_buildings_of_derbent.jpg,,local-unesco-thumb,
01041ad3-940d-5b52-949b-e77d26ae1d96,https://cloudflare-imgbed-euu.pages.dev/file/thumbnails/1788075276725_01041ad3-940d-5b52-949b-e77d26ae1d96_300px_historic_and_architectural_complex_of_the_kazan_kremlin.jpg,,local-unesco-thumb,
2b15c78e-3f65-5169-bca4-ef1f93a11bc9,https://cloudflare-imgbed-euu.pages.dev/file/thumbnails/1788075051953_2b15c78e-3f65-5169-bca4-ef1f93a11bc9_300px_lake_baikal.jpg,,local-unesco-thumb,
87dc3301-301d-5ebe-8f76-6a4c2f135f9f,https://cloudflare-imgbed-euu.pages.dev/file/thumbnails/1788075210673_87dc3301-301d-5ebe-8f76-6a4c2f135f9f_300px_virgin_komi_forests.jpg,,local-unesco-thumb,
8278c701-e407-5850-a98c-9a458f2035c2,https://cloudflare-imgbed-euu.pages.dev/file/thumbnails/1788075015211_8278c701-e407-5850-a98c-9a458f2035c2_300px_petroglyphs_of_lake_onega_and_the_white_sea.jpg,,local-unesco-thumb,
1366f19b-d675-5da9-8da4-53b7d2da5d8a,https://cloudflare-imgbed-euu.pages.dev/file/thumbnails/1788075132902_1366f19b-d675-5da9-8da4-53b7d2da5d8a_300px_sanctuary_of_bom_jesus_do_monte_in_braga.jpg,,local-unesco-thumb,
a48267ca-8c7d-586a-961d-67969a598cd1,https://cloudflare-imgbed-euu.pages.dev/file/thumbnails/1788075072945_a48267ca-8c7d-586a-961d-67969a598cd1_300px_brimstone_hill_fortress_national_park.jpg,,local-unesco-thumb,
114ac883-79d1-5f78-a3de-83160665c238,https://cloudflare-imgbed-euu.pages.dev/file/thumbnails/1788075112449_114ac883-79d1-5f78-a3de-83160665c238_300px_white_monuments_of_vladimir_and_suzdal.jpg,,local-unesco-thumb,
8ce25c7b-f66f-5c1e-a5ee-e0f0b60ea857,https://cloudflare-imgbed-euu.pages.dev/file/thumbnails/1788075196552_8ce25c7b-f66f-5c1e-a5ee-e0f0b60ea857_300px_bassari_country_bassari_fula_and_bedik_cultural_landscapes.jpg,,local-unesco-thumb,
2786ce44-49e3-5953-88e5-9e7c82902b65,https://cloudflare-imgbed-euu.pages.dev/file/thumbnails/1788075200845_2786ce44-49e3-5953-88e5-9e7c82902b65_300px_roșia_montană_mining_landscape.jpg,,local-unesco-thumb,
73ac0f8f-84a6-5f1d-afdd-424c5846afae,https://cloudflare-imgbed-euu.pages.dev/file/thumbnails/1788075279541_73ac0f8f-84a6-5f1d-afdd-424c5846afae_300px_gamzigrad_romuliana_palace_of_galerius.jpg,,local-unesco-thumb,
3434b9e5-047c-55ad-b498-8368fb6b40dd,https://cloudflare-imgbed-euu.pages.dev/file/thumbnails/1788075201435_3434b9e5-047c-55ad-b498-8368fb6b40dd_300px_petroglyphs_along_the_bangucheon_stream.jpg,,local-unesco-thumb,
7f863145-aa2a-5460-88cc-9d7b32c3619e,https://cloudflare-imgbed-euu.pages.dev/file/thumbnails/1788075272951_7f863145-aa2a-5460-88cc-9d7b32c3619e_300px_rock_paintings_of_shulgan_tash_cave.jpg,,local-unesco-thumb,
3dc34e09-97a2-5132-b007-3857ee95477e,https://cloudflare-imgbed-euu.pages.dev/file/thumbnails/1788075260510_3dc34e09-97a2-5132-b007-3857ee95477e_300px_medieval_monuments_in_kosovo.jpg,,local-unesco-thumb,
d314d146-9e9f-57bb-b8f3-7a9322216feb,https://cloudflare-imgbed-euu.pages.dev/file/thumbnails/1788075100981_d314d146-9e9f-57bb-b8f3-7a9322216feb_300px_vallée_de_mai_nature_reserve.jpg,,local-unesco-thumb,
9f16e238-9cd7-5c36-895d-ad852b9e1fa6,https://cloudflare-imgbed-euu.pages.dev/file/thumbnails/1788075300919_9f16e238-9cd7-5c36-895d-ad852b9e1fa6_300px_al_ahsa_oasis_an_evolving_cultural_landscape.jpg,,local-unesco-thumb,
1ca6e841-201c-5b53-94b8-7305e05a5f68,https://cloudflare-imgbed-euu.pages.dev/file/thumbnails/1788075081714_1ca6e841-201c-5b53-94b8-7305e05a5f68_300px_gola_tiwai_complex.jpg,,local-unesco-thumb,
bfb1122d-25ed-5343-a7d0-e0a4e2b7880c,https://cloudflare-imgbed-euu.pages.dev/file/thumbnails/1788075320485_bfb1122d-25ed-5343-a7d0-e0a4e2b7880c_300px_wooden_churches_of_the_slovak_part_of_the_carpathian_mountai.jpg,,local-unesco-thumb,
3e54ed6c-c87f-595d-91c9-11ddeeba8c47,https://cloudflare-imgbed-euu.pages.dev/file/thumbnails/1788075321994_3e54ed6c-c87f-595d-91c9-11ddeeba8c47_300px_levoča_spišský_hrad_and_the_associated_cultural_monuments.jpg,,local-unesco-thumb,
46d2b7f7-e8d0-55c6-b3d6-7cbc832492b1,https://cloudflare-imgbed-euu.pages.dev/file/thumbnails/1788075223874_46d2b7f7-e8d0-55c6-b3d6-7cbc832492b1_300px_vlkolínec.jpg,,local-unesco-thumb,
b942267f-4e21-5145-9d08-943d617cef21,https://cloudflare-imgbed-euu.pages.dev/file/thumbnails/1788075129518_b942267f-4e21-5145-9d08-943d617cef21_300px_aldabra_atoll.jpg,,local-unesco-thumb,
05fb835b-3ce7-505b-bf00-c18e87f85be8,https://cloudflare-imgbed-euu.pages.dev/file/thumbnails/1788075178248_05fb835b-3ce7-505b-bf00-c18e87f85be8_300px_cape_floral_region_protected_areas.jpg,,local-unesco-thumb,
bf3be571-5e27-5a71-902d-f722d0c3cf32,https://cloudflare-imgbed-euu.pages.dev/file/thumbnails/1788075330898_bf3be571-5e27-5a71-902d-f722d0c3cf32_300px_east_rennell.jpg,,local-unesco-thumb,
24034656-42d0-50c6-a5b2-0aa286d0a10c,https://cloudflare-imgbed-euu.pages.dev/file/thumbnails/1788075203847_24034656-42d0-50c6-a5b2-0aa286d0a10c_300px_human_rights_liberation_and_reconciliation_nelson_mandela_le.jpg,,local-unesco-thumb,
bb441da9-5de8-5376-b370-c5c8ccf07555,https://cloudflare-imgbed-euu.pages.dev/file/thumbnails/1788075174989_bb441da9-5de8-5376-b370-c5c8ccf07555_300px_richtersveld_cultural_and_botanical_landscape.jpg,,local-unesco-thumb,
f4bc6aa4-948a-5987-8fa8-1570386ce284,https://cloudflare-imgbed-euu.pages.dev/file/thumbnails/1788075161764_f4bc6aa4-948a-5987-8fa8-1570386ce284_300px_archaeological_site_of_atapuerca.jpg,,local-unesco-thumb,
7a3e2a84-12a5-5f4c-8cee-45f84ba982ad,https://cloudflare-imgbed-euu.pages.dev/file/thumbnails/1788075272137_7a3e2a84-12a5-5f4c-8cee-45f84ba982ad_300px_singapore_botanic_gardens.jpg,,local-unesco-thumb,
08ddc6a3-923b-59af-8575-1b2524100002,https://cloudflare-imgbed-euu.pages.dev/file/thumbnails/1788075301696_08ddc6a3-923b-59af-8575-1b2524100002_300px_archaeological_ensemble_of_tarraco.jpg,,local-unesco-thumb,
a4eb1437-8fb8-55ab-803a-3dfc2dc9de08,https://cloudflare-imgbed-euu.pages.dev/file/thumbnails/1788075157725_a4eb1437-8fb8-55ab-803a-3dfc2dc9de08_300px_archaeological_ensemble_of_mérida.jpg,,local-unesco-thumb,
c7ca3654-c790-5ddb-95cb-af6a7614d511,https://cloudflare-imgbed-euu.pages.dev/file/thumbnails/1788075268960_c7ca3654-c790-5ddb-95cb-af6a7614d511_300px_cultural_landscape_of_the_serra_de_tramuntana.jpg,,local-unesco-thumb,
e58ea4d9-263b-523c-934a-53b65be137da,https://cloudflare-imgbed-euu.pages.dev/file/thumbnails/1788075126743_e58ea4d9-263b-523c-934a-53b65be137da_300px_ibiza_biodiversity_and_culture.jpg,,local-unesco-thumb,
155dad51-1b0a-5b80-a45a-a6ef130e974e,https://cloudflare-imgbed-euu.pages.dev/file/thumbnails/1788075308089_155dad51-1b0a-5b80-a45a-a6ef130e974e_300px_mudejar_architecture_of_aragon.jpg,,local-unesco-thumb,
448681c0-bbe3-5970-8f3a-d40bfa9a7b75,https://cloudflare-imgbed-euu.pages.dev/file/thumbnails/1788075328770_448681c0-bbe3-5970-8f3a-d40bfa9a7b75_300px_aranjuez_cultural_landscape.jpg,,local-unesco-thumb,
88adf9d5-6c9b-5e99-96c0-c9f4a20419fc,https://cloudflare-imgbed-euu.pages.dev/file/thumbnails/1788075064355_88adf9d5-6c9b-5e99-96c0-c9f4a20419fc_300px_old_city_of_salamanca.jpg,,local-unesco-thumb,
d015075f-c44d-5fda-b7e8-06b7f980b4aa,https://cloudflare-imgbed-euu.pages.dev/file/thumbnails/1788075029782_d015075f-c44d-5fda-b7e8-06b7f980b4aa_300px_las_médulas.jpg,,local-unesco-thumb,
52262873-4d75-5515-babf-81b831140c1e,https://cloudflare-imgbed-euu.pages.dev/file/thumbnails/1788075220100_52262873-4d75-5515-babf-81b831140c1e_300px_old_town_of_cáceres.jpg,,local-unesco-thumb,
0d936a45-4efa-5cc3-897d-03c456106881,https://cloudflare-imgbed-euu.pages.dev/file/thumbnails/1788075050303_0d936a45-4efa-5cc3-897d-03c456106881_300px_antequera_dolmens_site.jpg,,local-unesco-thumb,
f5c40594-958f-5ffe-8adf-2f1048d57cbf,https://cloudflare-imgbed-euu.pages.dev/file/thumbnails/1788075047133_f5c40594-958f-5ffe-8adf-2f1048d57cbf_300px_palau_de_la_música_catalana_and_hospital_de_sant_pau_barcelo.jpg,,local-unesco-thumb,
8ff4d840-cff8-5191-9d70-f272bc4676c0,https://cloudflare-imgbed-euu.pages.dev/file/thumbnails/1788075058314_8ff4d840-cff8-5191-9d70-f272bc4676c0_300px_ancient_city_of_polonnaruwa.jpg,,local-unesco-thumb,
e6050b7a-d327-5669-af0e-5afe9f49f4a0,https://cloudflare-imgbed-euu.pages.dev/file/thumbnails/1788075145901_e6050b7a-d327-5669-af0e-5afe9f49f4a0_300px_san_cristóbal_de_la_laguna.jpg,,local-unesco-thumb,
06a529d4-cf9d-574e-9c34-821d5ab43a3d,https://cloudflare-imgbed-euu.pages.dev/file/thumbnails/1788075213742_06a529d4-cf9d-574e-9c34-821d5ab43a3d_300px_old_town_of_ávila_with_its_extra_muros_churches.jpg,,local-unesco-thumb,
bcce0d76-6ba0-5643-9baa-498e1a64ade7,https://cloudflare-imgbed-euu.pages.dev/file/thumbnails/1788075150940_bcce0d76-6ba0-5643-9baa-498e1a64ade7_300px_hebronal_khalil_old_town.jpg,,local-unesco-thumb,
0c18d957-457b-549a-bc4b-77cdcc0a4870,https://cloudflare-imgbed-euu.pages.dev/file/thumbnails/1788075313032_0c18d957-457b-549a-bc4b-77cdcc0a4870_300px_rangiri_dambulla_cave_temple.jpg,,local-unesco-thumb,
3e1bb92a-9a5d-56d5-9295-042a644c7d52,https://cloudflare-imgbed-euu.pages.dev/file/thumbnails/1788075180102_3e1bb92a-9a5d-56d5-9295-042a644c7d52_300px_university_and_historic_precinct_of_alcalá_de_henares.jpg,,local-unesco-thumb,
3667809f-8dbc-530f-b6dd-947b685a5573,https://cloudflare-imgbed-euu.pages.dev/file/thumbnails/1788075098308_3667809f-8dbc-530f-b6dd-947b685a5573_300px_palestine_land_of_olives_and_vines_cultural_landscape_of_sou.jpg,,local-unesco-thumb,
96110b0e-43b0-5b8a-b532-41b6e6a75203,https://cloudflare-imgbed-euu.pages.dev/file/thumbnails/1788075057346_96110b0e-43b0-5b8a-b532-41b6e6a75203_300px_decorated_farmhouses_of_hälsingland.jpg,,local-unesco-thumb,
bf17efb9-437b-5873-8ba0-9dce407591e2,https://cloudflare-imgbed-euu.pages.dev/file/thumbnails/1788075237394_bf17efb9-437b-5873-8ba0-9dce407591e2_300px_grimeton_radio_station_varberg.jpg,,local-unesco-thumb,
c830611a-3390-5b03-8996-daa4a4d5bcec,https://cloudflare-imgbed-euu.pages.dev/file/thumbnails/1788075232837_c830611a-3390-5b03-8996-daa4a4d5bcec_300px_swiss_tectonic_arena_sardona.jpg,,local-unesco-thumb,
0122e5f1-eabd-5794-a944-1165f4a3ad7b,https://cloudflare-imgbed-euu.pages.dev/file/thumbnails/1788075121840_0122e5f1-eabd-5794-a944-1165f4a3ad7b_300px_church_town_of_gammelstad_luleå.jpg,,local-unesco-thumb,
16ea0406-091c-56a1-8908-2534b60213e6,https://cloudflare-imgbed-euu.pages.dev/file/thumbnails/1788075198479_16ea0406-091c-56a1-8908-2534b60213e6_300px_jodensavanne_archaeological_site_jodensavanne_settlement_and.jpg,,local-unesco-thumb,
97967b87-6d6b-5e3c-907c-b38b4f46d457,https://cloudflare-imgbed-euu.pages.dev/file/thumbnails/1788075243954_97967b87-6d6b-5e3c-907c-b38b4f46d457_300px_royal_domain_of_drottningholm.jpg,,local-unesco-thumb,
11bbc350-9500-59b0-b49e-69103ad66530,https://cloudflare-imgbed-euu.pages.dev/file/thumbnails/1788075272164_11bbc350-9500-59b0-b49e-69103ad66530_300px_naval_port_of_karlskrona.jpg,,local-unesco-thumb,
a3e1e539-7f34-560f-a8fa-abb597c73420,https://cloudflare-imgbed-euu.pages.dev/file/thumbnails/1788075190788_a3e1e539-7f34-560f-a8fa-abb597c73420_300px_central_highlands_of_sri_lanka.jpg,,local-unesco-thumb,
4f811d53-d8a5-5996-a689-15a293e18ab5,https://cloudflare-imgbed-euu.pages.dev/file/thumbnails/1788075092324_4f811d53-d8a5-5996-a689-15a293e18ab5_300px_abbey_of_st_gall.jpg,,local-unesco-thumb,
003972bf-e023-5163-b676-285d069611ea,https://cloudflare-imgbed-euu.pages.dev/file/thumbnails/1788075279532_003972bf-e023-5163-b676-285d069611ea_300px_lavaux_vineyard_terraces.jpg,,local-unesco-thumb,
88d34b40-2359-5b94-af16-2636b80f371b,https://cloudflare-imgbed-euu.pages.dev/file/thumbnails/1788075052746_88d34b40-2359-5b94-af16-2636b80f371b_300px_swiss_alps_jungfrau_aletsch.jpg,,local-unesco-thumb,
ab4b90e2-8dcf-5b4b-8fdd-f69ad0532bf9,https://cloudflare-imgbed-euu.pages.dev/file/thumbnails/1788075182748_ab4b90e2-8dcf-5b4b-8fdd-f69ad0532bf9_300px_three_castles_defensive_wall_and_ramparts_of_the_market_town.jpg,,local-unesco-thumb,
4bc7f52f-1ada-5be5-8bfd-df68696c447f,https://cloudflare-imgbed-euu.pages.dev/file/thumbnails/1788075236543_4bc7f52f-1ada-5be5-8bfd-df68696c447f_300px_ancient_city_of_damascus.jpg,,local-unesco-thumb,
751fbbed-0a06-5549-964b-5d9815d21cf2,https://cloudflare-imgbed-euu.pages.dev/file/thumbnails/1788075144575_751fbbed-0a06-5549-964b-5d9815d21cf2_300px_site_of_palmyra.jpg,,local-unesco-thumb,
4370cf90-74ef-5271-a5c6-b74b66daf1a1,https://cloudflare-imgbed-euu.pages.dev/file/thumbnails/1788075252557_4370cf90-74ef-5271-a5c6-b74b66daf1a1_300px_thungyai_huai_kha_khaeng_wildlife_sanctuaries.jpg,,local-unesco-thumb,
48189f9d-7f51-53b4-8b37-09e65f8b9903,https://cloudflare-imgbed-euu.pages.dev/file/thumbnails/1788075295909_48189f9d-7f51-53b4-8b37-09e65f8b9903_300px_crac_des_chevaliers_and_qalat_salah_el_din.jpg,,local-unesco-thumb,
e54bff45-d71c-520d-ad2d-e49cd8d29472,https://cloudflare-imgbed-euu.pages.dev/file/thumbnails/1788075221424_e54bff45-d71c-520d-ad2d-e49cd8d29472_300px_ichkeul_national_park.jpg,,local-unesco-thumb,
88dbab5c-9eb8-5e9f-9a16-666ce69327aa,https://cloudflare-imgbed-euu.pages.dev/file/thumbnails/1788075102547_88dbab5c-9eb8-5e9f-9a16-666ce69327aa_300px_kaeng_krachan_forest_complex.jpg,,local-unesco-thumb,
254638f6-dd07-5c20-81e6-50c4fb869ba4,https://cloudflare-imgbed-euu.pages.dev/file/thumbnails/1788075103463_254638f6-dd07-5c20-81e6-50c4fb869ba4_300px_medina_of_sousse.jpg,,local-unesco-thumb,
f1f68271-e04b-56aa-ab72-a5fcdc385afc,https://cloudflare-imgbed-euu.pages.dev/file/thumbnails/1788075046823_f1f68271-e04b-56aa-ab72-a5fcdc385afc_300px_bursa_and_cumalıkızık_the_birth_of_the_ottoman_empire.jpg,,local-unesco-thumb,
d24442ee-8faf-518a-a478-4509a75db294,https://cloudflare-imgbed-euu.pages.dev/file/thumbnails/1788075062848_d24442ee-8faf-518a-a478-4509a75db294_300px_archaeological_site_of_ani.jpg,,local-unesco-thumb,
449fffad-b553-525a-9b74-871b1a4a3f05,https://cloudflare-imgbed-euu.pages.dev/file/thumbnails/1788075213113_449fffad-b553-525a-9b74-871b1a4a3f05_300px_phu_phrabat_a_testimony_to_the_sīma_stone_tradition_of_the_d.jpg,,local-unesco-thumb,
c2ae2a96-65a9-5108-822a-c46ea2ca256c,https://cloudflare-imgbed-euu.pages.dev/file/thumbnails/1788075282350_c2ae2a96-65a9-5108-822a-c46ea2ca256c_300px_silk_roads_zarafshan_karakum_corridor.jpg,,local-unesco-thumb,
2370b7d6-abfe-565c-8fa2-f8ee0a2ab7f0,https://cloudflare-imgbed-euu.pages.dev/file/thumbnails/1788075316375_2370b7d6-abfe-565c-8fa2-f8ee0a2ab7f0_300px_aphrodisias.jpg,,local-unesco-thumb,
27226653-5716-50e5-acaa-e8c305a175b3,https://cloudflare-imgbed-euu.pages.dev/file/thumbnails/1788075028636_27226653-5716-50e5-acaa-e8c305a175b3_300px_göreme_national_park_and_the_rock_sites_of_cappadocia.jpg,,local-unesco-thumb,
59d9199b-9b0c-5a2f-a8ef-680fd43ffd8b,https://cloudflare-imgbed-euu.pages.dev/file/thumbnails/1788075232677_59d9199b-9b0c-5a2f-a8ef-680fd43ffd8b_300px_xanthos_letoon.jpg,,local-unesco-thumb,
a7634fbb-016f-5880-8542-328ffbeda3a0,https://cloudflare-imgbed-euu.pages.dev/file/thumbnails/1788075013467_a7634fbb-016f-5880-8542-328ffbeda3a0_300px_residence_of_bukovinian_and_dalmatian_metropolitans.jpg,,local-unesco-thumb,
48ddf9d1-dafe-50c3-a793-c22d11ce77a7,https://cloudflare-imgbed-euu.pages.dev/file/thumbnails/1788075250692_48ddf9d1-dafe-50c3-a793-c22d11ce77a7_300px_sardis_and_the_lydian_tumuli_of_bin_tepe.jpg,,local-unesco-thumb,
e821f311-245c-5af2-97fc-b6b961d23d4e,https://cloudflare-imgbed-euu.pages.dev/file/thumbnails/1788075031196_e821f311-245c-5af2-97fc-b6b961d23d4e_300px_gordion.jpg,,local-unesco-thumb,
58c7dc86-f45e-5518-aacd-6bc09db740cd,https://cloudflare-imgbed-euu.pages.dev/file/thumbnails/1788075137558_58c7dc86-f45e-5518-aacd-6bc09db740cd_300px_lviv_the_ensemble_of_the_historic_centre.jpg,,local-unesco-thumb,
4d97dff0-a8b4-50e9-8334-feeed5dc6a5a,https://cloudflare-imgbed-euu.pages.dev/file/thumbnails/1788075317076_4d97dff0-a8b4-50e9-8334-feeed5dc6a5a_300px_kyiv_saint_sophia_cathedral_and_related_monastic_buildings_k.jpg,,local-unesco-thumb,
b036c688-e138-5ad1-9d41-021a4239aa02,https://cloudflare-imgbed-euu.pages.dev/file/thumbnails/1788075280657_b036c688-e138-5ad1-9d41-021a4239aa02_300px_blenheim_palace.jpg,,local-unesco-thumb,
8daf9fb8-576c-5fd2-a842-cdb8004f147c,https://cloudflare-imgbed-euu.pages.dev/file/thumbnails/1788075254108_8daf9fb8-576c-5fd2-a842-cdb8004f147c_300px_cultural_sites_of_al_ain_hafit_hili_bidaa_bint_saud_and_oase.jpg,,local-unesco-thumb,
b656227e-4008-54ba-9e57-e47cc664727a,https://cloudflare-imgbed-euu.pages.dev/file/thumbnails/1788075042700_b656227e-4008-54ba-9e57-e47cc664727a_300px_the_historic_centre_of_odesa.jpg,,local-unesco-thumb,
bfd6da2f-7ffe-59e4-a6e6-99aada22185a,https://cloudflare-imgbed-euu.pages.dev/file/thumbnails/1788075104692_bfd6da2f-7ffe-59e4-a6e6-99aada22185a_300px_ephesus.jpg,,local-unesco-thumb,
0dba884e-5002-581d-a7ec-799d7d68e196,https://cloudflare-imgbed-euu.pages.dev/file/thumbnails/1788075213817_0dba884e-5002-581d-a7ec-799d7d68e196_300px_cornwall_and_west_devon_mining_landscape.jpg,,local-unesco-thumb,
d0e27a3f-158a-51dd-9f21-e83ecfa3dd34,https://cloudflare-imgbed-euu.pages.dev/file/thumbnails/1788075173051_d0e27a3f-158a-51dd-9f21-e83ecfa3dd34_300px_gough_and_inaccessible_islands.jpg,,local-unesco-thumb,
a45adde0-156d-5fb4-bce4-7a911906b08c,https://cloudflare-imgbed-euu.pages.dev/file/thumbnails/1788075208995_a45adde0-156d-5fb4-bce4-7a911906b08c_300px_the_english_lake_district.jpg,,local-unesco-thumb,
77942949-8c63-5685-afe5-c7e21bcbab10,https://cloudflare-imgbed-euu.pages.dev/file/thumbnails/1788075115921_77942949-8c63-5685-afe5-c7e21bcbab10_300px_castles_and_town_walls_of_king_edward_in_gwynedd.jpg,,local-unesco-thumb,
90f17519-b94b-5b82-8e9a-5409eb16fa8c,https://cloudflare-imgbed-euu.pages.dev/file/thumbnails/1788075243053_90f17519-b94b-5b82-8e9a-5409eb16fa8c_300px_ironbridge_gorge.jpg,,local-unesco-thumb,
dd98abc3-e0a4-5df7-8164-f5d93be9b270,https://cloudflare-imgbed-euu.pages.dev/file/thumbnails/1788075044479_dd98abc3-e0a4-5df7-8164-f5d93be9b270_300px_maritime_greenwich.jpg,,local-unesco-thumb,
f8f1e04f-03ee-5ca0-8a1b-05d091b8cf1e,https://cloudflare-imgbed-euu.pages.dev/file/thumbnails/1788075153088_f8f1e04f-03ee-5ca0-8a1b-05d091b8cf1e_300px_historic_town_of_st_george_and_related_fortifications_bermud.jpg,,local-unesco-thumb,
d9c50d8d-338e-5d10-b7a8-5c68b8391152,https://cloudflare-imgbed-euu.pages.dev/file/thumbnails/1788075280123_d9c50d8d-338e-5d10-b7a8-5c68b8391152_300px_pontcysyllte_aqueduct_and_canal.jpg,,local-unesco-thumb,
bbd4a7e9-a525-5eba-bc09-cb7e1dd33d8c,https://cloudflare-imgbed-euu.pages.dev/file/thumbnails/1788075115318_bbd4a7e9-a525-5eba-bc09-cb7e1dd33d8c_300px_selous_game_reserve.jpg,,local-unesco-thumb,
7db451b3-6fac-584e-bb1a-8f1dbefaf823,https://cloudflare-imgbed-euu.pages.dev/file/thumbnails/1788075107129_7db451b3-6fac-584e-bb1a-8f1dbefaf823_300px_carlsbad_caverns_national_park.jpg,,local-unesco-thumb,
d4930be6-f4a6-5b20-a8b1-e8ec47234aec,https://cloudflare-imgbed-euu.pages.dev/file/thumbnails/1788075236922_d4930be6-f4a6-5b20-a8b1-e8ec47234aec_300px_royal_botanic_gardens_kew.jpg,,local-unesco-thumb,
78213f64-ffed-5e38-83de-5f7eb592ca39,https://cloudflare-imgbed-euu.pages.dev/file/thumbnails/1788075260874_78213f64-ffed-5e38-83de-5f7eb592ca39_300px_studley_royal_park_including_the_ruins_of_fountains_abbey.jpg,,local-unesco-thumb,
c861da91-e627-5c98-964b-841e200aa470,https://cloudflare-imgbed-euu.pages.dev/file/thumbnails/1788075031666_c861da91-e627-5c98-964b-841e200aa470_300px_ngorongoro_conservation_area.jpg,,local-unesco-thumb,
786fca89-95c5-5009-9147-3e7921336ea0,https://cloudflare-imgbed-euu.pages.dev/file/thumbnails/1788075225327_786fca89-95c5-5009-9147-3e7921336ea0_300px_hawaii_volcanoes_national_park.jpg,,local-unesco-thumb,
f2eb990d-0cbb-5e88-8870-0bafddc51394,https://cloudflare-imgbed-euu.pages.dev/file/thumbnails/1788075251222_f2eb990d-0cbb-5e88-8870-0bafddc51394_300px_grand_canyon_national_park.jpg,,local-unesco-thumb,
4848944a-5236-5638-adb8-3d274de29cb4,https://cloudflare-imgbed-euu.pages.dev/file/thumbnails/1788075302473_4848944a-5236-5638-adb8-3d274de29cb4_300px_la_fortaleza_and_san_juan_national_historic_site_in_puerto_r.jpg,,local-unesco-thumb,
4bc5d377-b8aa-53d1-a6cb-d85be320abab,https://cloudflare-imgbed-euu.pages.dev/file/thumbnails/1788075114788_4bc5d377-b8aa-53d1-a6cb-d85be320abab_300px_mesa_verde_national_park.jpg,,local-unesco-thumb,
5abb4342-623d-5cab-91e2-0e694e40fdd9,https://cloudflare-imgbed-euu.pages.dev/file/thumbnails/1788075137846_5abb4342-623d-5cab-91e2-0e694e40fdd9_300px_redwood_national_and_state_parks.jpg,,local-unesco-thumb,
3fa9ca1b-59a1-5000-9062-0a27be052a4e,https://cloudflare-imgbed-euu.pages.dev/file/thumbnails/1788075095999_3fa9ca1b-59a1-5000-9062-0a27be052a4e_300px_statue_of_liberty.jpg,,local-unesco-thumb,
0de8315f-fc67-58a9-8e49-10d82ebb85c5,https://cloudflare-imgbed-euu.pages.dev/file/thumbnails/1788075037141_0de8315f-fc67-58a9-8e49-10d82ebb85c5_300px_papahānaumokuākea.jpg,,local-unesco-thumb,
26a2da2b-e805-5961-a758-fbe27e5d9b96,https://cloudflare-imgbed-euu.pages.dev/file/thumbnails/1788075283854_26a2da2b-e805-5961-a758-fbe27e5d9b96_300px_yosemite_national_park.jpg,,local-unesco-thumb,
dff7333b-31fa-56d6-b105-c928e14f5200,https://cloudflare-imgbed-euu.pages.dev/file/thumbnails/1788075329562_dff7333b-31fa-56d6-b105-c928e14f5200_300px_yellowstone_national_park.jpg,,local-unesco-thumb,
a9f0363e-d661-5774-8a93-9f3bcf187f1b,https://cloudflare-imgbed-euu.pages.dev/file/thumbnails/1788075026502_a9f0363e-d661-5774-8a93-9f3bcf187f1b_300px_coro_and_its_port.jpg,,local-unesco-thumb,
0e451a16-d6e6-5df4-8147-9eb350d016ab,https://cloudflare-imgbed-euu.pages.dev/file/thumbnails/1788075127326_0e451a16-d6e6-5df4-8147-9eb350d016ab_300px_hoi_an_ancient_town.jpg,,local-unesco-thumb,
b0d71b85-0142-5936-ab22-19860d30d12a,https://cloudflare-imgbed-euu.pages.dev/file/thumbnails/1788075154287_b0d71b85-0142-5936-ab22-19860d30d12a_300px_mana_pools_national_park_sapi_and_chewore_safari_areas.jpg,,local-unesco-thumb,
83429db9-8308-52de-8bce-ec7ae282c592,https://cloudflare-imgbed-euu.pages.dev/file/thumbnails/1788075289342_83429db9-8308-52de-8bce-ec7ae282c592_300px_historic_town_of_zabid.jpg,,local-unesco-thumb,
19b822c3-7335-5574-aa34-df1787a00a7f,https://cloudflare-imgbed-euu.pages.dev/file/thumbnails/1788075059694_19b822c3-7335-5574-aa34-df1787a00a7f_300px_old_city_of_sanaa.jpg,,local-unesco-thumb,
0aad6a41-36e1-5eee-9591-18b5b4dbe2d9,https://cloudflare-imgbed-euu.pages.dev/file/thumbnails/1788075161674_0aad6a41-36e1-5eee-9591-18b5b4dbe2d9_300px_matobo_hills.jpg,,local-unesco-thumb,
02292ce8-43b4-5038-8083-9913d7de5204,https://cloudflare-imgbed-euu.pages.dev/file/thumbnails/1788075238809_02292ce8-43b4-5038-8083-9913d7de5204_300px_itchan_kala.jpg,,local-unesco-thumb,
8569eada-54b6-5fb1-a3f7-31be15f5b220,https://cloudflare-imgbed-euu.pages.dev/file/thumbnails/1788075322175_8569eada-54b6-5fb1-a3f7-31be15f5b220_300px_khami_ruins_national_monument.jpg,,local-unesco-thumb,
a2653265-f22b-51a8-8b58-71ed1ceccf5a,https://cloudflare-imgbed-euu.pages.dev/file/thumbnails/1788075097270_a2653265-f22b-51a8-8b58-71ed1ceccf5a_300px_jesuit_block_and_estancias_of_córdoba.jpg,,local-unesco-thumb,
02ce240b-9114-5858-8c68-7f65fa93c789,https://cloudflare-imgbed-euu.pages.dev/file/thumbnails/1788075112599_02ce240b-9114-5858-8c68-7f65fa93c789_300px_tipasa.jpg,,local-unesco-thumb,
446d230f-06f6-5294-acf5-c6f64ee26f19,https://cloudflare-imgbed-euu.pages.dev/file/thumbnails/1788075248865_446d230f-06f6-5294-acf5-c6f64ee26f19_300px_natural_and_cultural_heritage_of_the_ohrid_region.jpg,,local-unesco-thumb,
2f179b38-86d7-533e-8e4a-36ab67985b06,https://cloudflare-imgbed-euu.pages.dev/file/thumbnails/1788075249654_2f179b38-86d7-533e-8e4a-36ab67985b06_300px_qhapaq_ñan_andean_road_system.jpg,,local-unesco-thumb,
9c332443-9a50-5e64-8982-0b1845ed7685,https://cloudflare-imgbed-euu.pages.dev/file/thumbnails/1788075261591_9c332443-9a50-5e64-8982-0b1845ed7685_300px_great_zimbabwe_national_monument.jpg,,local-unesco-thumb,
0fac63f7-5b1d-5322-9def-8e6cc9432015,https://cloudflare-imgbed-euu.pages.dev/file/thumbnails/1788075229969_0fac63f7-5b1d-5322-9def-8e6cc9432015_300px_antigua_naval_dockyard_and_related_archaeological_sites.jpg,,local-unesco-thumb,
b03d83a8-5b86-5228-8f33-ab246486785e,https://cloudflare-imgbed-euu.pages.dev/file/thumbnails/1788075161023_b03d83a8-5b86-5228-8f33-ab246486785e_300px_kgari.jpg,,local-unesco-thumb,
39d67b72-0c75-5fd5-9582-871d8db56e75,https://cloudflare-imgbed-euu.pages.dev/file/thumbnails/1788075069360_39d67b72-0c75-5fd5-9582-871d8db56e75_300px_cathedral_and_churches_of_echmiatsin_and_the_archaeological.jpg,,local-unesco-thumb,
ddbb6359-3531-5d1a-bc7b-3202a9cff2df,https://cloudflare-imgbed-euu.pages.dev/file/thumbnails/1788075103980_ddbb6359-3531-5d1a-bc7b-3202a9cff2df_300px_uluuruu_kata_tjuutua_national_park.jpg,,local-unesco-thumb,
bbb10898-6e34-53c9-a82c-8b739695e07f,https://cloudflare-imgbed-euu.pages.dev/file/thumbnails/1788075284258_bbb10898-6e34-53c9-a82c-8b739695e07f_300px_tasmanian_wilderness.jpg,,local-unesco-thumb,
572b34c6-8c15-5f57-915a-c0fa000bc879,https://cloudflare-imgbed-euu.pages.dev/file/thumbnails/1788075009332_572b34c6-8c15-5f57-915a-c0fa000bc879_300px_fertö_neusiedlersee_cultural_landscape.jpg,,local-unesco-thumb,
d5172121-67db-5971-8493-964ae46df503,https://cloudflare-imgbed-euu.pages.dev/file/thumbnails/1788075191510_d5172121-67db-5971-8493-964ae46df503_300px_historic_centre_of_the_city_of_salzburg.jpg,,local-unesco-thumb,
f85e89e8-70fe-508f-a760-8fc7ed4bcb19,https://cloudflare-imgbed-euu.pages.dev/file/thumbnails/1788075228385_f85e89e8-70fe-508f-a760-8fc7ed4bcb19_300px_hallstatt_dachstein_salzkammergut_cultural_landscape.jpg,,local-unesco-thumb,
2eb7a600-9026-568e-aadc-ba2eab8e34fa,https://cloudflare-imgbed-euu.pages.dev/file/thumbnails/1788075310716_2eb7a600-9026-568e-aadc-ba2eab8e34fa_300px_city_of_graz_historic_centre_and_schloss_eggenberg.jpg,,local-unesco-thumb,
be472e35-2b52-5ab5-9c6f-6981590959db,https://cloudflare-imgbed-euu.pages.dev/file/thumbnails/1788075290114_be472e35-2b52-5ab5-9c6f-6981590959db_300px_belize_barrier_reef_reserve_system.jpg,,local-unesco-thumb,
27d951fe-d984-51d7-8374-4823f4152513,https://cloudflare-imgbed-euu.pages.dev/file/thumbnails/1788075156995_27d951fe-d984-51d7-8374-4823f4152513_300px_the_architectural_work_of_le_corbusier_an_outstanding_contri.jpg,,local-unesco-thumb,
aa952703-f2e1-5d37-af7d-1162b47842ee,https://cloudflare-imgbed-euu.pages.dev/file/thumbnails/1788075126882_aa952703-f2e1-5d37-af7d-1162b47842ee_300px_historic_mosque_city_of_bagerhat.jpg,,local-unesco-thumb,
3ff43a87-7e20-5c8e-899a-37ecbf886c36,https://cloudflare-imgbed-euu.pages.dev/file/thumbnails/1788075108573_3ff43a87-7e20-5c8e-899a-37ecbf886c36_300px_historic_bridgetown_and_its_garrison.jpg,,local-unesco-thumb,
3f6abd88-79e9-5d34-b354-517df89962c4,https://cloudflare-imgbed-euu.pages.dev/file/thumbnails/1788075167151_3f6abd88-79e9-5d34-b354-517df89962c4_300px_the_great_spa_towns_of_europe.jpg,,local-unesco-thumb,
5633c946-2f06-5cb9-b615-7ce0b6ac5199,https://cloudflare-imgbed-euu.pages.dev/file/thumbnails/1788075076477_5633c946-2f06-5cb9-b615-7ce0b6ac5199_300px_dilmun_burial_mounds.jpg,,local-unesco-thumb,
ba47f5ee-4e9a-5453-963a-941aaf75d38b,https://cloudflare-imgbed-euu.pages.dev/file/thumbnails/1788075105697_ba47f5ee-4e9a-5453-963a-941aaf75d38b_300px_białowieża_forest.jpg,,local-unesco-thumb,
2d163fee-d959-5bde-8382-5026087c1efa,https://cloudflare-imgbed-euu.pages.dev/file/thumbnails/1788075243407_2d163fee-d959-5bde-8382-5026087c1efa_300px_flemish_béguinages.jpg,,local-unesco-thumb,
f28bf2c5-4fac-5919-9d2f-f446432386bd,https://cloudflare-imgbed-euu.pages.dev/file/thumbnails/1788075065485_f28bf2c5-4fac-5919-9d2f-f446432386bd_300px_struve_geodetic_arc.jpg,,local-unesco-thumb,
6051bc64-3fb1-53cd-8115-36bbffaf76ee,https://cloudflare-imgbed-euu.pages.dev/file/thumbnails/1788075158236_6051bc64-3fb1-53cd-8115-36bbffaf76ee_300px_historic_centre_of_brugge.jpg,,local-unesco-thumb,
a6d5e793-ffda-50d7-bb47-a75e7a5cb9e6,https://cloudflare-imgbed-euu.pages.dev/file/thumbnails/1788075110242_a6d5e793-ffda-50d7-bb47-a75e7a5cb9e6_300px_fuerte_de_samaipata.jpg,,local-unesco-thumb,
6dfa11d5-d34c-52c3-b033-585565d6cb23,https://cloudflare-imgbed-euu.pages.dev/file/thumbnails/1788075051833_6dfa11d5-d34c-52c3-b033-585565d6cb23_300px_city_of_potosí.jpg,,local-unesco-thumb,
5b9e4379-f7b4-5351-9e68-93092c8146d6,https://cloudflare-imgbed-euu.pages.dev/file/thumbnails/1788075032338_5b9e4379-f7b4-5351-9e68-93092c8146d6_300px_semmering_railway.jpg,,local-unesco-thumb,
074fb7b9-43f5-59d5-b0d1-975f2f689be8,https://cloudflare-imgbed-euu.pages.dev/file/thumbnails/1788075048790_074fb7b9-43f5-59d5-b0d1-975f2f689be8_300px_historic_city_of_sucre.jpg,,local-unesco-thumb,
814f0482-e4bf-5587-b004-3c56230f600d,https://cloudflare-imgbed-euu.pages.dev/file/thumbnails/1788075237539_814f0482-e4bf-5587-b004-3c56230f600d_300px_historic_centre_of_salvador_de_bahia.jpg,,local-unesco-thumb,
491bcafc-6087-5c2f-bb4a-fd5cc083767f,https://cloudflare-imgbed-euu.pages.dev/file/thumbnails/1788075108267_491bcafc-6087-5c2f-bb4a-fd5cc083767f_300px_colonies_of_benevolence.jpg,,local-unesco-thumb,
f442b9eb-66e8-58f7-9781-71675085d74a,https://cloudflare-imgbed-euu.pages.dev/file/thumbnails/1788075220824_f442b9eb-66e8-58f7-9781-71675085d74a_300px_historic_centre_of_the_town_of_diamantina.jpg,,local-unesco-thumb,
2326c282-25e7-5168-be15-15b10747bee5,https://cloudflare-imgbed-euu.pages.dev/file/thumbnails/1788075261123_2326c282-25e7-5168-be15-15b10747bee5_300px_historic_centre_of_são_luís.jpg,,local-unesco-thumb,
232c3309-5a70-51f1-b3b4-7ca8fb24c157,https://cloudflare-imgbed-euu.pages.dev/file/thumbnails/1788075118870_232c3309-5a70-51f1-b3b4-7ca8fb24c157_300px_historic_town_of_ouro_preto.jpg,,local-unesco-thumb,
54781160-1361-500f-b4a6-7301e4bbc2fe,https://cloudflare-imgbed-euu.pages.dev/file/thumbnails/1788075178338_54781160-1361-500f-b4a6-7301e4bbc2fe_300px_w_arly_pendjari_complex.jpg,,local-unesco-thumb,
364b3873-e394-500b-9a7e-eb706e4e3b1f,https://cloudflare-imgbed-euu.pages.dev/file/thumbnails/1788075200254_364b3873-e394-500b-9a7e-eb706e4e3b1f_300px_iguaçu_national_park.jpg,,local-unesco-thumb,
185c1067-3617-5642-9be9-e7b4c0529ce0,https://cloudflare-imgbed-euu.pages.dev/file/thumbnails/1788075252659_185c1067-3617-5642-9be9-e7b4c0529ce0_300px_madara_rider.jpg,,local-unesco-thumb,
f52c601b-885d-5718-af2b-60cc12213ac6,https://cloudflare-imgbed-euu.pages.dev/file/thumbnails/1788075325411_f52c601b-885d-5718-af2b-60cc12213ac6_300px_stećci_medieval_tombstone_graveyards.jpg,,local-unesco-thumb,
16a44421-0cb3-5a64-8e34-b6fa3e17e3f9,https://cloudflare-imgbed-euu.pages.dev/file/thumbnails/1788075163872_16a44421-0cb3-5a64-8e34-b6fa3e17e3f9_300px_ruins_of_loropéni.jpg,,local-unesco-thumb,
ab4e2646-69be-53ee-b88d-fb60064d9043,https://cloudflare-imgbed-euu.pages.dev/file/thumbnails/1788075085080_ab4e2646-69be-53ee-b88d-fb60064d9043_300px_thracian_tomb_of_sveshtari.jpg,,local-unesco-thumb,
ce471b78-5c21-52bb-99c2-576a946427ee,https://cloudflare-imgbed-euu.pages.dev/file/thumbnails/1788075080735_ce471b78-5c21-52bb-99c2-576a946427ee_300px_ruins_of_the_buddhist_vihara_at_paharpur.jpg,,local-unesco-thumb,
0730fd12-31a4-57cf-948c-0924b9f57635,https://cloudflare-imgbed-euu.pages.dev/file/thumbnails/1788075207505_0730fd12-31a4-57cf-948c-0924b9f57635_300px_royal_court_of_tiébélé.jpg,,local-unesco-thumb,
50c44b73-26ab-5a89-937d-fd4892b1dfec,https://cloudflare-imgbed-euu.pages.dev/file/thumbnails/1788075092816_50c44b73-26ab-5a89-937d-fd4892b1dfec_300px_lençóis_maranhenses_national_park.jpg,,local-unesco-thumb,
6f624642-a8e7-5794-9406-0895e982de7a,https://cloudflare-imgbed-euu.pages.dev/file/thumbnails/1788075247036_6f624642-a8e7-5794-9406-0895e982de7a_300px_angkor.jpg,,local-unesco-thumb,
1eb05807-650a-5802-ae72-a475b988cee9,https://cloudflare-imgbed-euu.pages.dev/file/thumbnails/1788075242514_1eb05807-650a-5802-ae72-a475b988cee9_300px_sangha_trinational.jpg,,local-unesco-thumb,
50a271c4-c6f1-538b-ab4b-206e2aaeaea4,https://cloudflare-imgbed-euu.pages.dev/file/thumbnails/1788075290789_50a271c4-c6f1-538b-ab4b-206e2aaeaea4_300px_ancient_ferrous_metallurgy_sites_of_burkina_faso.jpg,,local-unesco-thumb,
faf7f658-7c60-5e41-ae69-0ea7a11d6cf2,https://cloudflare-imgbed-euu.pages.dev/file/thumbnails/1788075154764_faf7f658-7c60-5e41-ae69-0ea7a11d6cf2_300px_canadian_rocky_mountain_parks.jpg,,local-unesco-thumb,
c41577e7-1530-56ce-9733-8b465a21db72,https://cloudflare-imgbed-euu.pages.dev/file/thumbnails/1788075153145_c41577e7-1530-56ce-9733-8b465a21db72_300px_joggins_fossil_cliffs.jpg,,local-unesco-thumb,
88c78204-c3d7-5cca-97c8-32db01bcd341,https://cloudflare-imgbed-euu.pages.dev/file/thumbnails/1788075046942_88c78204-c3d7-5cca-97c8-32db01bcd341_300px_head_smashed_in_buffalo_jump.jpg,,local-unesco-thumb,
0cc0cd7d-4a63-5a58-8a3e-4e771180d865,https://cloudflare-imgbed-euu.pages.dev/file/thumbnails/1788075022046_0cc0cd7d-4a63-5a58-8a3e-4e771180d865_300px_landscape_of_grand_pré.jpg,,local-unesco-thumb,
6e524d9d-252b-5513-a539-25e027d13f25,https://cloudflare-imgbed-euu.pages.dev/file/thumbnails/1788075120511_6e524d9d-252b-5513-a539-25e027d13f25_300px_historic_district_of_old_québec.jpg,,local-unesco-thumb,
00a4af3d-5c3f-5cf4-bcf1-24c484da6db8,https://cloudflare-imgbed-euu.pages.dev/file/thumbnails/1788075033385_00a4af3d-5c3f-5cf4-bcf1-24c484da6db8_300px_cambodian_memorial_sites_from_centres_of_repression_to_place.jpg,,local-unesco-thumb,
d3f6448e-9556-5346-8d2a-e89742bc32a0,https://cloudflare-imgbed-euu.pages.dev/file/thumbnails/1788075301464_d3f6448e-9556-5346-8d2a-e89742bc32a0_300px_rideau_canal.jpg,,local-unesco-thumb,
79a2090c-96a0-5fae-be7b-b659566dc6e5,https://cloudflare-imgbed-euu.pages.dev/file/thumbnails/1788075242225_79a2090c-96a0-5fae-be7b-b659566dc6e5_300px_waterton_glacier_international_peace_park.jpg,,local-unesco-thumb,
4b51948e-1062-5272-af73-ee4c089a9baf,https://cloudflare-imgbed-euu.pages.dev/file/thumbnails/1788075326752_4b51948e-1062-5272-af73-ee4c089a9baf_300px_manovo_gounda_st_floris_national_park.jpg,,local-unesco-thumb,
661567b0-303c-5269-9219-931abc5cc4d1,https://cloudflare-imgbed-euu.pages.dev/file/thumbnails/1788075090840_661567b0-303c-5269-9219-931abc5cc4d1_300px_rapa_nui_national_park.jpg,,local-unesco-thumb,
77119204-84b7-51aa-947a-52e69c00e5d5,https://cloudflare-imgbed-euu.pages.dev/file/thumbnails/1788075184908_77119204-84b7-51aa-947a-52e69c00e5d5_300px_ancient_city_of_ping_yao.jpg,,local-unesco-thumb,
77fdf06f-040f-5df4-9861-9c5a4bf117e6,https://cloudflare-imgbed-euu.pages.dev/file/thumbnails/1788075242020_77fdf06f-040f-5df4-9861-9c5a4bf117e6_300px_humberstone_and_santa_laura_saltpeter_works.jpg,,local-unesco-thumb,
1a4d8d53-3d31-5582-9c64-3a4ae2e2c1a1,https://cloudflare-imgbed-euu.pages.dev/file/thumbnails/1788075202316_1a4d8d53-3d31-5582-9c64-3a4ae2e2c1a1_300px_badain_jaran_desert_towers_of_sand_and_lakes.jpg,,local-unesco-thumb,
8f1d4bdb-af2b-5586-b925-e0c9b462462e,https://cloudflare-imgbed-euu.pages.dev/file/thumbnails/1788075078724_8f1d4bdb-af2b-5586-b925-e0c9b462462e_300px_cultural_landscape_of_honghe_hani_rice_terraces.jpg,,local-unesco-thumb,
822caa3a-4646-5769-a2b8-6734bdb14216,https://cloudflare-imgbed-euu.pages.dev/file/thumbnails/1788075252999_822caa3a-4646-5769-a2b8-6734bdb14216_300px_historic_ensemble_of_the_potala_palace_lhasa.jpg,,local-unesco-thumb,
2d0ca44a-ca1e-5f00-8fb7-c2a5d75cb2c0,https://cloudflare-imgbed-euu.pages.dev/file/thumbnails/1788075066131_2d0ca44a-ca1e-5f00-8fb7-c2a5d75cb2c0_300px_ennedi_massif_natural_and_cultural_landscape.jpg,,local-unesco-thumb,
e5a18564-79b8-5f16-8184-8ed116e2805a,https://cloudflare-imgbed-euu.pages.dev/file/thumbnails/1788075086859_e5a18564-79b8-5f16-8184-8ed116e2805a_300px_kaiping_diaolou_and_villages.jpg,,local-unesco-thumb,
26d2c7e2-342c-564f-9ec0-fdcdf27f268a,https://cloudflare-imgbed-euu.pages.dev/file/thumbnails/1788075017711_26d2c7e2-342c-564f-9ec0-fdcdf27f268a_300px_mogao_caves.jpg,,local-unesco-thumb,
f2adc766-0469-59f3-b8b9-98c65dfe0e42,https://cloudflare-imgbed-euu.pages.dev/file/thumbnails/1788075288411_f2adc766-0469-59f3-b8b9-98c65dfe0e42_300px_fanjingshan.jpg,,local-unesco-thumb,
f0eb0588-de85-5f79-982b-933328a1b928,https://cloudflare-imgbed-euu.pages.dev/file/thumbnails/1788075087924_f0eb0588-de85-5f79-982b-933328a1b928_300px_mount_emei_scenic_area_including_leshan_giant_buddha_scenic.jpg,,local-unesco-thumb,
f4723bf2-ffa6-5ff4-bd73-39c825c37dfc,https://cloudflare-imgbed-euu.pages.dev/file/thumbnails/1788075155206_f4723bf2-ffa6-5ff4-bd73-39c825c37dfc_300px_hubei_shennongjia.jpg,,local-unesco-thumb,
c453055e-e3e7-5095-9c1e-26f88842638c,https://cloudflare-imgbed-euu.pages.dev/file/thumbnails/1788075037787_c453055e-e3e7-5095-9c1e-26f88842638c_300px_site_of_xanadu.jpg,,local-unesco-thumb,
f497d3de-f8ca-5278-931c-1fd2a496c881,https://cloudflare-imgbed-euu.pages.dev/file/thumbnails/1788075314713_f497d3de-f8ca-5278-931c-1fd2a496c881_300px_silk_roads_the_routes_network_of_changan_tianshan_corridor.jpg,,local-unesco-thumb,
3450dd77-392c-5594-ade7-9140aa7a878d,https://cloudflare-imgbed-euu.pages.dev/file/thumbnails/1788075304631_3450dd77-392c-5594-ade7-9140aa7a878d_300px_temple_and_cemetery_of_confucius_and_the_kong_family_mansion.jpg,,local-unesco-thumb,
14772c13-4d1b-5a0e-a66b-c7b7a630eac4,https://cloudflare-imgbed-euu.pages.dev/file/thumbnails/1788075035468_14772c13-4d1b-5a0e-a66b-c7b7a630eac4_300px_sichuan_giant_panda_sanctuaries_wolong_mt_siguniang_and_jiaj.jpg,,local-unesco-thumb,
c6d251ae-575a-5121-a243-b8f6619cfd40,https://cloudflare-imgbed-euu.pages.dev/file/thumbnails/1788075064679_c6d251ae-575a-5121-a243-b8f6619cfd40_300px_qinghai_hoh_xil.jpg,,local-unesco-thumb,
a7a9f724-2dec-510b-8535-e274d7177b0f,https://cloudflare-imgbed-euu.pages.dev/file/thumbnails/1788075265062_a7a9f724-2dec-510b-8535-e274d7177b0f_300px_the_great_wall.jpg,,local-unesco-thumb,
1b3736aa-159c-580d-bc35-8a183cd9821b,https://cloudflare-imgbed-euu.pages.dev/file/thumbnails/1788075296548_1b3736aa-159c-580d-bc35-8a183cd9821b_300px_xinjiang_tianshan.jpg,,local-unesco-thumb,
45ba6409-2809-5bb9-b6a4-5dd1715c9043,https://cloudflare-imgbed-euu.pages.dev/file/thumbnails/1788075048763_45ba6409-2809-5bb9-b6a4-5dd1715c9043_300px_los_katíos_national_park.jpg,,local-unesco-thumb,
b6679a1c-9e17-5122-8bf0-8d7f2d7d0e1b,https://cloudflare-imgbed-euu.pages.dev/file/thumbnails/1788075208546_b6679a1c-9e17-5122-8bf0-8d7f2d7d0e1b_300px_national_archeological_park_of_tierradentro.jpg,,local-unesco-thumb,
4bdd33fa-6ffe-5ed4-a526-eb7b55f8748c,https://cloudflare-imgbed-euu.pages.dev/file/thumbnails/1788075116696_4bdd33fa-6ffe-5ed4-a526-eb7b55f8748c_300px_settlement_and_artificial_mummification_of_the_chinchorro_cu.jpg,,local-unesco-thumb,
1fe83998-3d29-588c-b70a-2f0aab6561af,https://cloudflare-imgbed-euu.pages.dev/file/thumbnails/1788075053140_1fe83998-3d29-588c-b70a-2f0aab6561af_300px_area_de_conservación_guanacaste.jpg,,local-unesco-thumb,
61daabdc-b1b3-58a7-8852-24ebe292f0ba,https://cloudflare-imgbed-euu.pages.dev/file/thumbnails/1788075023005_61daabdc-b1b3-58a7-8852-24ebe292f0ba_300px_episcopal_complex_of_the_euphrasian_basilica_in_the_historic.jpg,,local-unesco-thumb,
77657f90-7edd-594c-8980-58c606d80663,https://cloudflare-imgbed-euu.pages.dev/file/thumbnails/1788075099390_77657f90-7edd-594c-8980-58c606d80663_300px_the_cathedral_of_st_james_in_šibenik.jpg,,local-unesco-thumb,
01998319-50f0-59c9-ab7e-5d8473821399,https://cloudflare-imgbed-euu.pages.dev/file/thumbnails/1788075071268_01998319-50f0-59c9-ab7e-5d8473821399_300px_wulingyuan_scenic_and_historic_interest_area.jpg,,local-unesco-thumb,
d40fc785-b9ef-52f3-bff6-f648fec2bb61,https://cloudflare-imgbed-euu.pages.dev/file/thumbnails/1788075263924_d40fc785-b9ef-52f3-bff6-f648fec2bb61_300px_historical_complex_of_split_with_the_palace_of_diocletian.jpg,,local-unesco-thumb,
5183cd4b-15fb-57df-870d-7ebcddd74a0d,https://cloudflare-imgbed-euu.pages.dev/file/thumbnails/1788075188847_5183cd4b-15fb-57df-870d-7ebcddd74a0d_300px_stari_grad_plain.jpg,,local-unesco-thumb,
73e41e61-e95c-5df3-8080-c08560bb4540,https://cloudflare-imgbed-euu.pages.dev/file/thumbnails/1788075272745_73e41e61-e95c-5df3-8080-c08560bb4540_300px_baekje_historic_areas.jpg,,local-unesco-thumb,
f0fc7459-23ae-54c6-920c-9c807d037101,https://cloudflare-imgbed-euu.pages.dev/file/thumbnails/1788075273642_f0fc7459-23ae-54c6-920c-9c807d037101_300px_desembarco_del_granma_national_park.jpg,,local-unesco-thumb,
5872ff9b-98ad-57d3-87fa-787dcc6ec3bd,https://cloudflare-imgbed-euu.pages.dev/file/thumbnails/1788075320421_5872ff9b-98ad-57d3-87fa-787dcc6ec3bd_300px_archaeological_landscape_of_the_first_coffee_plantations_in.jpg,,local-unesco-thumb,
dd6c2d74-28fb-5f08-b520-98db3fb566a5,https://cloudflare-imgbed-euu.pages.dev/file/thumbnails/1788075119576_dd6c2d74-28fb-5f08-b520-98db3fb566a5_300px_choirokoitia.jpg,,local-unesco-thumb,
4394cf44-d97b-50cd-90c0-7ada8e34b479,https://cloudflare-imgbed-euu.pages.dev/file/thumbnails/1788075016108_4394cf44-d97b-50cd-90c0-7ada8e34b479_300px_urban_historic_centre_of_cienfuegos.jpg,,local-unesco-thumb,
362c1737-ad33-5fc0-ac56-cd3b4d6fb869,https://cloudflare-imgbed-euu.pages.dev/file/thumbnails/1788075017929_362c1737-ad33-5fc0-ac56-cd3b4d6fb869_300px_mount_nimba_strict_nature_reserve.jpg,,local-unesco-thumb,
ebdd0e41-9f22-5b39-894e-a67aff7d87f8,https://cloudflare-imgbed-euu.pages.dev/file/thumbnails/1788075048910_ebdd0e41-9f22-5b39-894e-a67aff7d87f8_300px_gardens_and_castle_at_kroměříž.jpg,,local-unesco-thumb,
ff9d18b0-ef12-564c-8b40-a96e760d47f6,https://cloudflare-imgbed-euu.pages.dev/file/thumbnails/1788075160720_ff9d18b0-ef12-564c-8b40-a96e760d47f6_300px_historic_centre_of_telč.jpg,,local-unesco-thumb,
719880cd-e2be-58cf-9af0-72bf43cd89f6,https://cloudflare-imgbed-euu.pages.dev/file/thumbnails/1788075187629_719880cd-e2be-58cf-9af0-72bf43cd89f6_300px_historic_centre_of_prague.jpg,,local-unesco-thumb,
a005a2bb-136d-5e2e-b7c5-9af84915cf8b,https://cloudflare-imgbed-euu.pages.dev/file/thumbnails/1788075089944_a005a2bb-136d-5e2e-b7c5-9af84915cf8b_300px_historic_centre_of_český_krumlov.jpg,,local-unesco-thumb,
be8b0c1a-c1a7-53a7-a0fd-789381132def,https://cloudflare-imgbed-euu.pages.dev/file/thumbnails/1788075261703_be8b0c1a-c1a7-53a7-a0fd-789381132def_300px_litomyšl_castle.jpg,,local-unesco-thumb,
94df51ac-5043-5076-a303-7bd3f9bd84ff,https://cloudflare-imgbed-euu.pages.dev/file/thumbnails/1788075009127_94df51ac-5043-5076-a303-7bd3f9bd84ff_300px_erzgebirgekrušnohoří_mining_region.jpg,,local-unesco-thumb,
686265c7-4ba4-5953-8758-572de2e611c8,https://cloudflare-imgbed-euu.pages.dev/file/thumbnails/1788075114285_686265c7-4ba4-5953-8758-572de2e611c8_300px_san_pedro_de_la_roca_castle_santiago_de_cuba.jpg,,local-unesco-thumb,
83ac5ed2-6182-56e0-86e1-389cce47a1f7,https://cloudflare-imgbed-euu.pages.dev/file/thumbnails/1788075013116_83ac5ed2-6182-56e0-86e1-389cce47a1f7_300px_tugendhat_villa_in_brno.jpg,,local-unesco-thumb,
058b2882-65b8-5c0c-b928-e2ff4d247077,https://cloudflare-imgbed-euu.pages.dev/file/thumbnails/1788075294830_058b2882-65b8-5c0c-b928-e2ff4d247077_300px_landscape_for_breeding_and_training_of_ceremonial_carriage_h.jpg,,local-unesco-thumb,
05dfdbad-3855-5d86-be65-c9d0908c6e5b,https://cloudflare-imgbed-euu.pages.dev/file/thumbnails/1788075060306_05dfdbad-3855-5d86-be65-c9d0908c6e5b_300px_historic_monuments_and_sites_in_kaesong.jpg,,local-unesco-thumb,
b3b4d146-e827-554d-a09f-4f8781618cfa,https://cloudflare-imgbed-euu.pages.dev/file/thumbnails/1788075021247_b3b4d146-e827-554d-a09f-4f8781618cfa_300px_garamba_national_park.jpg,,local-unesco-thumb,
99c203d1-67fa-5cf3-ae19-9c8b77ab8c60,https://cloudflare-imgbed-euu.pages.dev/file/thumbnails/1788075179822_99c203d1-67fa-5cf3-ae19-9c8b77ab8c60_300px_okapi_wildlife_reserve.jpg,,local-unesco-thumb,
e724b667-98fd-5c02-b98f-8c5bff4fb667,https://cloudflare-imgbed-euu.pages.dev/file/thumbnails/1788075060000_e724b667-98fd-5c02-b98f-8c5bff4fb667_300px_mount_kumgang_diamond_mountain_from_the_sea.jpg,,local-unesco-thumb,
8e610d25-3d64-5255-9aac-db4310bba357,https://cloudflare-imgbed-euu.pages.dev/file/thumbnails/1788075272716_8e610d25-3d64-5255-9aac-db4310bba357_300px_salonga_national_park.jpg,,local-unesco-thumb,
ac1ee68f-de2f-58f1-853e-a16103227988,https://cloudflare-imgbed-euu.pages.dev/file/thumbnails/1788075145918_ac1ee68f-de2f-58f1-853e-a16103227988_300px_jelling_mounds_runic_stones_and_church.jpg,,local-unesco-thumb,
6df84a81-4b77-55de-8703-6039783cfcc6,https://cloudflare-imgbed-euu.pages.dev/file/thumbnails/1788075187108_6df84a81-4b77-55de-8703-6039783cfcc6_300px_historic_centre_of_santa_ana_de_los_ríos_de_cuenca.jpg,,local-unesco-thumb,
9cb21754-7d34-54ca-be65-1e9b47e30825,https://cloudflare-imgbed-euu.pages.dev/file/thumbnails/1788075100016_9cb21754-7d34-54ca-be65-1e9b47e30825_300px_aasivissuit_nipisat_inuit_hunting_ground_between_ice_and_sea.jpg,,local-unesco-thumb,
26c52faa-5798-5803-84a6-b7045be4d836,https://cloudflare-imgbed-euu.pages.dev/file/thumbnails/1788075093176_26c52faa-5798-5803-84a6-b7045be4d836_300px_joya_de_cerén_archaeological_site.jpg,,local-unesco-thumb,
53da38cd-cd98-5fe6-bb91-e188016f027d,https://cloudflare-imgbed-euu.pages.dev/file/thumbnails/1788075100473_53da38cd-cd98-5fe6-bb91-e188016f027d_300px_asmara_a_modernist_african_city.jpg,,local-unesco-thumb,
75e6d9c9-0c11-5484-84a5-2f28c16d0687,https://cloudflare-imgbed-euu.pages.dev/file/thumbnails/1788075170201_75e6d9c9-0c11-5484-84a5-2f28c16d0687_300px_lower_valley_of_the_omo.jpg,,local-unesco-thumb,
c613f052-4534-5e50-8ba0-1261aaf7e106,https://cloudflare-imgbed-euu.pages.dev/file/thumbnails/1788075027495_c613f052-4534-5e50-8ba0-1261aaf7e106_300px_kujataa_greenland_norse_and_inuit_farming_at_the_edge_of_the.jpg,,local-unesco-thumb,
a123f5ca-f285-5662-99a9-24a822dbc371,https://cloudflare-imgbed-euu.pages.dev/file/thumbnails/1788075133467_a123f5ca-f285-5662-99a9-24a822dbc371_300px_rock_hewn_churches_lalibela.jpg,,local-unesco-thumb,
598964f2-9f42-517a-b12b-287b1f7de469,https://cloudflare-imgbed-euu.pages.dev/file/thumbnails/1788075239712_598964f2-9f42-517a-b12b-287b1f7de469_300px_abbey_church_of_saint_savin_sur_gartempe.jpg,,local-unesco-thumb,
9c585d89-ef9b-5e54-995f-38bf1148653b,https://cloudflare-imgbed-euu.pages.dev/file/thumbnails/1788075065269_9c585d89-ef9b-5e54-995f-38bf1148653b_300px_petäjävesi_old_church.jpg,,local-unesco-thumb,
f9f74e9b-c2cc-5b79-895d-d8ee0fe2e12c,https://cloudflare-imgbed-euu.pages.dev/file/thumbnails/1788075170537_f9f74e9b-c2cc-5b79-895d-d8ee0fe2e12c_300px_verla_groundwood_and_board_mill.jpg,,local-unesco-thumb,
ace04016-6245-5a56-abf7-d41cf07f3a2f,https://cloudflare-imgbed-euu.pages.dev/file/thumbnails/1788075194014_ace04016-6245-5a56-abf7-d41cf07f3a2f_300px_bordeaux_port_of_the_moon.jpg,,local-unesco-thumb,
2f01cddd-8c5e-5bb8-8e06-182f60af83ac,https://cloudflare-imgbed-euu.pages.dev/file/thumbnails/1788075055057_2f01cddd-8c5e-5bb8-8e06-182f60af83ac_300px_bourges_cathedral.jpg,,local-unesco-thumb,
7daf803f-9a4d-57d3-999f-c922fb6a84f1,https://cloudflare-imgbed-euu.pages.dev/file/thumbnails/1788075221798_7daf803f-9a4d-57d3-999f-c922fb6a84f1_300px_møns_klint.jpg,,local-unesco-thumb,
76b43ab4-6355-52ba-abd9-5a319b555212,https://cloudflare-imgbed-euu.pages.dev/file/thumbnails/1788075230378_76b43ab4-6355-52ba-abd9-5a319b555212_300px_champagne_hillsides_houses_and_cellars.jpg,,local-unesco-thumb,
f685c344-97b0-5039-968b-81fee7e51e01,https://cloudflare-imgbed-euu.pages.dev/file/thumbnails/1788075239056_f685c344-97b0-5039-968b-81fee7e51e01_300px_fortifications_of_vauban.jpg,,local-unesco-thumb,
5c4c1143-536a-5c81-9956-920e0fd3d875,https://cloudflare-imgbed-euu.pages.dev/file/thumbnails/1788075288385_5c4c1143-536a-5c81-9956-920e0fd3d875_300px_jurisdiction_of_saint_emilion.jpg,,local-unesco-thumb,
48c76eed-7d34-5af0-aae7-53b31439163f,https://cloudflare-imgbed-euu.pages.dev/file/thumbnails/1788075222317_48c76eed-7d34-5af0-aae7-53b31439163f_300px_lagoons_of_new_caledonia_reef_diversity_and_associated_ecosy.jpg,,local-unesco-thumb,
576a2d6a-8aa1-59d8-9e25-b2f919436a9a,https://cloudflare-imgbed-euu.pages.dev/file/thumbnails/1788075116669_576a2d6a-8aa1-59d8-9e25-b2f919436a9a_300px_saint_catherine_area.jpg,,local-unesco-thumb,
947d0fa4-3c62-5af8-ac28-3e6eb2edc760,https://cloudflare-imgbed-euu.pages.dev/file/thumbnails/1788075021678_947d0fa4-3c62-5af8-ac28-3e6eb2edc760_300px_paris_banks_of_the_seine.jpg,,local-unesco-thumb,
6a51c544-caa8-5a82-a892-a615ef664c24,https://cloudflare-imgbed-euu.pages.dev/file/thumbnails/1788075289299_6a51c544-caa8-5a82-a892-a615ef664c24_300px_palace_and_park_of_versailles.jpg,,local-unesco-thumb,
a47b152d-5bab-526f-b651-076b0c7041b6,https://cloudflare-imgbed-euu.pages.dev/file/thumbnails/1788075188684_a47b152d-5bab-526f-b651-076b0c7041b6_300px_french_austral_lands_and_seas.jpg,,local-unesco-thumb,
180e8830-3005-5539-bd44-9777fdfac224,https://cloudflare-imgbed-euu.pages.dev/file/thumbnails/1788075080370_180e8830-3005-5539-bd44-9777fdfac224_300px_roman_theatre_and_its_surroundings_and_the_triumphal_arch_of.jpg,,local-unesco-thumb,
60639724-221e-556e-a569-9a11eeb42754,https://cloudflare-imgbed-euu.pages.dev/file/thumbnails/1788075212942_60639724-221e-556e-a569-9a11eeb42754_300px_kunta_kinteh_island_and_related_sites.jpg,,local-unesco-thumb,
9316256e-f4ce-530e-9561-da311d1e9117,https://cloudflare-imgbed-euu.pages.dev/file/thumbnails/1788075058574_9316256e-f4ce-530e-9561-da311d1e9117_300px_le_havre_the_city_rebuilt_by_auguste_perret.jpg,,local-unesco-thumb,
a3df3f0e-6ad8-5173-9ada-57dd3d32a011,https://cloudflare-imgbed-euu.pages.dev/file/thumbnails/1788075211566_a3df3f0e-6ad8-5173-9ada-57dd3d32a011_300px_historical_monuments_of_mtskheta.jpg,,local-unesco-thumb,
365479d9-0a77-51fe-8b2d-254f8c9cb975,https://cloudflare-imgbed-euu.pages.dev/file/thumbnails/1788075192828_365479d9-0a77-51fe-8b2d-254f8c9cb975_300px_chaîne_des_puys_limagne_fault_tectonic_arena.jpg,,local-unesco-thumb,
a8f4c38a-66f6-53df-9d61-2a64c2ccb646,https://cloudflare-imgbed-euu.pages.dev/file/thumbnails/1788075184215_a8f4c38a-66f6-53df-9d61-2a64c2ccb646_300px_aachen_cathedral.jpg,,local-unesco-thumb,
b2f4dc46-6b86-556d-b6ea-ae3b528f75f6,https://cloudflare-imgbed-euu.pages.dev/file/thumbnails/1788075318635_b2f4dc46-6b86-556d-b6ea-ae3b528f75f6_300px_carolingian_westwork_and_civitas_corvey.jpg,,local-unesco-thumb,
540a984f-215d-58dd-b6c3-4c008a37feef,https://cloudflare-imgbed-euu.pages.dev/file/thumbnails/1788075128626_540a984f-215d-58dd-b6c3-4c008a37feef_300px_the_maison_carrée_of_nîmes.jpg,,local-unesco-thumb,
2e96180a-5376-55cf-99ab-334e44398b1e,https://cloudflare-imgbed-euu.pages.dev/file/thumbnails/1788075122604_2e96180a-5376-55cf-99ab-334e44398b1e_300px_hanseatic_city_of_lübeck.jpg,,local-unesco-thumb,
3f59048f-f1bf-53dc-bf52-6bdfa52b2fd5,https://cloudflare-imgbed-euu.pages.dev/file/thumbnails/1788075266753_3f59048f-f1bf-53dc-bf52-6bdfa52b2fd5_300px_frontiers_of_the_roman_empire_the_lower_german_limes.jpg,,local-unesco-thumb,
d1bd7da0-6dc4-5f9d-8d56-6eaab14fcdf4,https://cloudflare-imgbed-euu.pages.dev/file/thumbnails/1788075017688_d1bd7da0-6dc4-5f9d-8d56-6eaab14fcdf4_300px_castles_of_augustusburg_and_falkenlust_at_brühl.jpg,,local-unesco-thumb,
f8190b00-df31-51ac-81b5-8f9dfad3afd7,https://cloudflare-imgbed-euu.pages.dev/file/thumbnails/1788075237049_f8190b00-df31-51ac-81b5-8f9dfad3afd7_300px_maulbronn_monastery_complex.jpg,,local-unesco-thumb,
e0d97893-c8a1-5115-9214-93331356b730,https://cloudflare-imgbed-euu.pages.dev/file/thumbnails/1788075327762_e0d97893-c8a1-5115-9214-93331356b730_300px_old_town_of_regensburg_with_stadtamhof.jpg,,local-unesco-thumb,
a67f1dfe-789c-5a71-ade8-5675c16386c8,https://cloudflare-imgbed-euu.pages.dev/file/thumbnails/1788075029628_a67f1dfe-789c-5a71-ade8-5675c16386c8_300px_muskauer_park_park_mużakowski.jpg,,local-unesco-thumb,
cda7341b-1c6a-52ee-bda0-dd1745c57fda,https://cloudflare-imgbed-euu.pages.dev/file/thumbnails/1788075056969_cda7341b-1c6a-52ee-bda0-dd1745c57fda_300px_mines_of_rammelsberg_historic_town_of_goslar_and_upper_harz.jpg,,local-unesco-thumb,
6082d25e-3f8c-5868-9714-474a2e9df946,https://cloudflare-imgbed-euu.pages.dev/file/thumbnails/1788075173403_6082d25e-3f8c-5868-9714-474a2e9df946_300px_town_hall_and_roland_on_the_marketplace_of_bremen.jpg,,local-unesco-thumb,
d8abf295-2053-5fef-a278-fd0394f2e6e8,https://cloudflare-imgbed-euu.pages.dev/file/thumbnails/1788075259199_d8abf295-2053-5fef-a278-fd0394f2e6e8_300px_upper_middle_rhine_valley.jpg,,local-unesco-thumb,
c2780b89-33fc-5eb8-adee-fa69fce12003,https://cloudflare-imgbed-euu.pages.dev/file/thumbnails/1788075069523_c2780b89-33fc-5eb8-adee-fa69fce12003_300px_þingvellir_national_park.jpg,,local-unesco-thumb,
29e3f5c6-756d-5293-9f08-019ba59561a7,https://cloudflare-imgbed-euu.pages.dev/file/thumbnails/1788075224418_29e3f5c6-756d-5293-9f08-019ba59561a7_300px_forts_and_castles_volta_greater_accra_central_and_western_re.jpg,,local-unesco-thumb,
ec6ad065-7cfb-54d5-9294-16cc2a49d014,https://cloudflare-imgbed-euu.pages.dev/file/thumbnails/1788075210116_ec6ad065-7cfb-54d5-9294-16cc2a49d014_300px_water_management_system_of_augsburg.jpg,,local-unesco-thumb,
14c74485-5df5-5c8f-bf8c-16c3920aaf13,https://cloudflare-imgbed-euu.pages.dev/file/thumbnails/1788075204309_14c74485-5df5-5c8f-bf8c-16c3920aaf13_300px_delos.jpg,,local-unesco-thumb,
3b535241-ac94-5416-ace3-78f92811b342,https://cloudflare-imgbed-euu.pages.dev/file/thumbnails/1788075034281_3b535241-ac94-5416-ace3-78f92811b342_300px_würzburg_residence_with_the_court_gardens_and_residence_squa.jpg,,local-unesco-thumb,
3a3285f2-e576-5c28-8e92-4e832d7ba223,https://cloudflare-imgbed-euu.pages.dev/file/thumbnails/1788075152184_3a3285f2-e576-5c28-8e92-4e832d7ba223_300px_mount_athos.jpg,,local-unesco-thumb,
bea1a2f7-e4b8-57ec-8d70-ad9672e6bab6,https://cloudflare-imgbed-euu.pages.dev/file/thumbnails/1788075307533_bea1a2f7-e4b8-57ec-8d70-ad9672e6bab6_300px_temple_of_apollo_epicurius_at_bassae.jpg,,local-unesco-thumb,
467ef8a6-be3e-5275-adc3-fbddd97aa702,https://cloudflare-imgbed-euu.pages.dev/file/thumbnails/1788075094506_467ef8a6-be3e-5275-adc3-fbddd97aa702_300px_archaeological_park_and_ruins_of_quirigua.jpg,,local-unesco-thumb,
db850fe7-d723-5f04-8663-294a3dc0b132,https://cloudflare-imgbed-euu.pages.dev/file/thumbnails/1788075029745_db850fe7-d723-5f04-8663-294a3dc0b132_300px_pythagoreion_and_heraion_of_samos.jpg,,local-unesco-thumb,
5731095c-14c3-562d-9c2e-ba96d3d87a4a,https://cloudflare-imgbed-euu.pages.dev/file/thumbnails/1788075009238_5731095c-14c3-562d-9c2e-ba96d3d87a4a_300px_archaeological_site_of_philippi.jpg,,local-unesco-thumb,
af0747ec-c8ee-57dc-9f1b-965e7f893868,https://cloudflare-imgbed-euu.pages.dev/file/thumbnails/1788075242639_af0747ec-c8ee-57dc-9f1b-965e7f893868_300px_the_historic_centre_chorá_with_the_monastery_of_saint_john_t.jpg,,local-unesco-thumb,
120f1cd4-866c-5481-b529-9f98a5f6e177,https://cloudflare-imgbed-euu.pages.dev/file/thumbnails/1788075314817_120f1cd4-866c-5481-b529-9f98a5f6e177_300px_zagori_cultural_landscape.jpg,,local-unesco-thumb,
b264beb5-5e06-5aeb-ae7d-52103de0a0f4,https://cloudflare-imgbed-euu.pages.dev/file/thumbnails/1788075068732_b264beb5-5e06-5aeb-ae7d-52103de0a0f4_300px_tikal_national_park.jpg,,local-unesco-thumb,
99db54b8-0426-5db2-bc00-0a5a599b4976,https://cloudflare-imgbed-euu.pages.dev/file/thumbnails/1788075049497_99db54b8-0426-5db2-bc00-0a5a599b4976_300px_río_plátano_biosphere_reserve.jpg,,local-unesco-thumb,
d5d29e46-a765-5836-b563-3ba5977e6331,https://cloudflare-imgbed-euu.pages.dev/file/thumbnails/1788075058002_d5d29e46-a765-5836-b563-3ba5977e6331_300px_millenary_benedictine_abbey_of_pannonhalma_and_its_natural_e.jpg,,local-unesco-thumb,
10bb7653-e550-5605-9fd7-e2989dd48917,https://cloudflare-imgbed-euu.pages.dev/file/thumbnails/1788075156503_10bb7653-e550-5605-9fd7-e2989dd48917_300px_shum_sites_of_speyer_worms_and_mainz.jpg,,local-unesco-thumb,
25d1821e-b7ac-5a35-b814-3c07fb7f084f,https://cloudflare-imgbed-euu.pages.dev/file/thumbnails/1788075090757_25d1821e-b7ac-5a35-b814-3c07fb7f084f_300px_champaner_pavagadh_archaeological_park.jpg,,local-unesco-thumb,
d492db35-e67e-5622-9f61-569464166c04,https://cloudflare-imgbed-euu.pages.dev/file/thumbnails/1788075051049_d492db35-e67e-5622-9f61-569464166c04_300px_ellora_caves.jpg,,local-unesco-thumb,
f87d962a-3736-5382-a11e-ffc35d63e034,https://cloudflare-imgbed-euu.pages.dev/file/thumbnails/1788075228946_f87d962a-3736-5382-a11e-ffc35d63e034_300px_group_of_monuments_at_pattadakal.jpg,,local-unesco-thumb,
466b281a-a63b-5fef-b7b8-869669d4b195,https://cloudflare-imgbed-euu.pages.dev/file/thumbnails/1788075140080_466b281a-a63b-5fef-b7b8-869669d4b195_300px_hill_forts_of_rajasthan.jpg,,local-unesco-thumb,
3b95eec0-dc72-50cb-9c02-9b1bc6db93c7,https://cloudflare-imgbed-euu.pages.dev/file/thumbnails/1788075236850_3b95eec0-dc72-50cb-9c02-9b1bc6db93c7_300px_kaziranga_national_park.jpg,,local-unesco-thumb,
148d7569-76c0-542c-a7f4-0fc975c3c0ee,https://cloudflare-imgbed-euu.pages.dev/file/thumbnails/1788075085977_148d7569-76c0-542c-a7f4-0fc975c3c0ee_300px_keoladeo_national_park.jpg,,local-unesco-thumb,
53940464-35ef-5a8d-8470-818a7066124c,https://cloudflare-imgbed-euu.pages.dev/file/thumbnails/1788075180953_53940464-35ef-5a8d-8470-818a7066124c_300px_historic_city_of_ahmadabad.jpg,,local-unesco-thumb,
09033f61-440c-56cb-bf14-18a8e76a0a58,https://cloudflare-imgbed-euu.pages.dev/file/thumbnails/1788075249272_09033f61-440c-56cb-bf14-18a8e76a0a58_300px_mahabodhi_temple_complex_at_bodh_gaya.jpg,,local-unesco-thumb,
b90a080e-b270-5c3e-bb38-c428c5d49956,https://cloudflare-imgbed-euu.pages.dev/file/thumbnails/1788075139428_b90a080e-b270-5c3e-bb38-c428c5d49956_300px_manas_wildlife_sanctuary.jpg,,local-unesco-thumb,
e6be1b3a-9dd8-550c-9b1e-0d22bef21648,https://cloudflare-imgbed-euu.pages.dev/file/thumbnails/1788075044938_e6be1b3a-9dd8-550c-9b1e-0d22bef21648_300px_mountain_railways_of_india.jpg,,local-unesco-thumb,
018d3f88-1d92-535a-be70-6931a5885b1d,https://cloudflare-imgbed-euu.pages.dev/file/thumbnails/1788075200927_018d3f88-1d92-535a-be70-6931a5885b1d_300px_sun_temple_konârak.jpg,,local-unesco-thumb,
f1b22f5f-6f46-5737-a823-0fc081fd3fef,https://cloudflare-imgbed-euu.pages.dev/file/thumbnails/1788075099882_f1b22f5f-6f46-5737-a823-0fc081fd3fef_300px_coastal_and_marine_ecosystems_of_the_bijagós_archipelago_oma.jpg,,local-unesco-thumb,
92a226dc-9523-5815-9ae8-84d7472cf5e9,https://cloudflare-imgbed-euu.pages.dev/file/thumbnails/1788075149372_92a226dc-9523-5815-9ae8-84d7472cf5e9_300px_rock_shelters_of_bhimbetka.jpg,,local-unesco-thumb,
75ad8fca-a9f9-5942-ae8c-a7d58263f20d,https://cloudflare-imgbed-euu.pages.dev/file/thumbnails/1788075317208_75ad8fca-a9f9-5942-ae8c-a7d58263f20d_300px_red_fort_complex.jpg,,local-unesco-thumb,
6c0fe49e-4853-5226-ad4c-69db606760cb,https://cloudflare-imgbed-euu.pages.dev/file/thumbnails/1788075206696_6c0fe49e-4853-5226-ad4c-69db606760cb_300px_taj_mahal.jpg,,local-unesco-thumb,
dc92b5b8-4471-50f3-ba7e-0b9597673564,https://cloudflare-imgbed-euu.pages.dev/file/thumbnails/1788075128701_dc92b5b8-4471-50f3-ba7e-0b9597673564_300px_komodo_national_park.jpg,,local-unesco-thumb,
117bc42e-3213-5920-9a8f-82f626d41a93,https://cloudflare-imgbed-euu.pages.dev/file/thumbnails/1788075236813_117bc42e-3213-5920-9a8f-82f626d41a93_300px_rani_ki_vav_the_queens_stepwell_at_patan_gujarat.jpg,,local-unesco-thumb,
aa90b312-19ce-5892-b5f1-bfa8fca2bc1c,https://cloudflare-imgbed-euu.pages.dev/file/thumbnails/1788075092904_aa90b312-19ce-5892-b5f1-bfa8fca2bc1c_300px_cultural_landscape_of_bali_province_the_emsubakem_system_as.jpg,,local-unesco-thumb,
929abf33-19a9-59c6-9081-8a28e607d7ac,https://cloudflare-imgbed-euu.pages.dev/file/thumbnails/1788075079555_929abf33-19a9-59c6-9081-8a28e607d7ac_300px_tropical_rainforest_heritage_of_sumatra.jpg,,local-unesco-thumb,
c77f0851-fa6e-5d58-bda5-1525618a265e,https://cloudflare-imgbed-euu.pages.dev/file/thumbnails/1788075029830_c77f0851-fa6e-5d58-bda5-1525618a265e_300px_ombilin_coal_mining_heritage_of_sawahlunto.jpg,,local-unesco-thumb,
d494ea91-1407-5db3-8b5e-9a1a77949cc7,https://cloudflare-imgbed-euu.pages.dev/file/thumbnails/1788075328597_d494ea91-1407-5db3-8b5e-9a1a77949cc7_300px_prambanan_temple_compounds.jpg,,local-unesco-thumb,
cdce8d7b-6547-5f21-a329-cf023fc69ade,https://cloudflare-imgbed-euu.pages.dev/file/thumbnails/1788075288254_cdce8d7b-6547-5f21-a329-cf023fc69ade_300px_gonbad_e_qābus.jpg,,local-unesco-thumb,
cd8177da-5d2f-59f3-9e9f-7c98710f40a7,https://cloudflare-imgbed-euu.pages.dev/file/thumbnails/1788075178617_cd8177da-5d2f-59f3-9e9f-7c98710f40a7_300px_kakatiya_rudreshwara_ramappa_temple_telangana.jpg,,local-unesco-thumb,
dbeaea79-f49a-5244-8a1b-eeb5df96c138,https://cloudflare-imgbed-euu.pages.dev/file/thumbnails/1788075220601_dbeaea79-f49a-5244-8a1b-eeb5df96c138_300px_armenian_monastic_ensembles_of_iran.jpg,,local-unesco-thumb,
30b507dc-d22d-5119-8b62-b9c5ce49bacf,https://cloudflare-imgbed-euu.pages.dev/file/thumbnails/1788075326305_30b507dc-d22d-5119-8b62-b9c5ce49bacf_300px_pasargadae.jpg,,local-unesco-thumb,
115f8971-f879-522c-b755-6626f62031f3,https://cloudflare-imgbed-euu.pages.dev/file/thumbnails/1788075050693_115f8971-f879-522c-b755-6626f62031f3_300px_cultural_landscape_of_hawramanuramanat.jpg,,local-unesco-thumb,
a2848ce4-fb1d-5d2f-a427-f387278eae98,https://cloudflare-imgbed-euu.pages.dev/file/thumbnails/1788075038234_a2848ce4-fb1d-5d2f-a427-f387278eae98_300px_sheikh_safi_al_din_khānegāh_and_shrine_ensemble_in_ardabil.jpg,,local-unesco-thumb,
1b9f64c8-fb63-54ad-ae17-a11a0e8c6443,https://cloudflare-imgbed-euu.pages.dev/file/thumbnails/1788075287349_1b9f64c8-fb63-54ad-ae17-a11a0e8c6443_300px_mathildenhöhe_darmstadt.jpg,,local-unesco-thumb,
51db3d2f-54af-50e4-abe2-282af1d4dcd4,https://cloudflare-imgbed-euu.pages.dev/file/thumbnails/1788075184045_51db3d2f-54af-50e4-abe2-282af1d4dcd4_300px_the_persian_caravanserai.jpg,,local-unesco-thumb,
974f2208-9fdf-5e18-893b-ee72a9c250b6,https://cloudflare-imgbed-euu.pages.dev/file/thumbnails/1788075061161_974f2208-9fdf-5e18-893b-ee72a9c250b6_300px_samarra_archaeological_city.jpg,,local-unesco-thumb,
aee67168-e117-5ed7-8aa5-9c2819c1925e,https://cloudflare-imgbed-euu.pages.dev/file/thumbnails/1788075084643_aee67168-e117-5ed7-8aa5-9c2819c1925e_300px_the_ahwar_of_southern_iraq_refuge_of_biodiversity_and_the_re.jpg,,local-unesco-thumb,
8513a790-243f-5e20-b323-b2204b0e3fe5,https://cloudflare-imgbed-euu.pages.dev/file/thumbnails/1788075116452_8513a790-243f-5e20-b323-b2204b0e3fe5_300px_caves_of_maresha_and_bet_guvrin_in_the_judean_lowlands_as_a.jpg,,local-unesco-thumb,
767270bc-6afa-55aa-8f54-d374e35fa2bf,https://cloudflare-imgbed-euu.pages.dev/file/thumbnails/1788075009493_767270bc-6afa-55aa-8f54-d374e35fa2bf_300px_tabriz_historic_bazaar_complex.jpg,,local-unesco-thumb,
5ac0793c-7049-5c3d-b06f-b0ebffca2c3f,https://cloudflare-imgbed-euu.pages.dev/file/thumbnails/1788075056564_5ac0793c-7049-5c3d-b06f-b0ebffca2c3f_300px_incense_route_desert_cities_in_the_negev.jpg,,local-unesco-thumb,
166b30aa-944c-5424-8d44-355b4d0dd011,https://cloudflare-imgbed-euu.pages.dev/file/thumbnails/1788075134000_166b30aa-944c-5424-8d44-355b4d0dd011_300px_biblical_tels_megiddo_hazor_beer_sheba.jpg,,local-unesco-thumb,
1427c1d7-03a0-56e4-8cbb-56ad744151c8,https://cloudflare-imgbed-euu.pages.dev/file/thumbnails/1788075300253_1427c1d7-03a0-56e4-8cbb-56ad744151c8_300px_hatra.jpg,,local-unesco-thumb,
a777588f-25b7-5eb5-870a-eed13556f35b,https://cloudflare-imgbed-euu.pages.dev/file/thumbnails/1788075226147_a777588f-25b7-5eb5-870a-eed13556f35b_300px_lut_desert.jpg,,local-unesco-thumb,
27f4b518-b7d8-5d73-a976-b4e1ca14631c,https://cloudflare-imgbed-euu.pages.dev/file/thumbnails/1788075039420_27f4b518-b7d8-5d73-a976-b4e1ca14631c_300px_white_city_of_tel_aviv_the_modern_movement.jpg,,local-unesco-thumb,
fdf8b301-02cf-5504-9d7b-3fea115af478,https://cloudflare-imgbed-euu.pages.dev/file/thumbnails/1788075275641_fdf8b301-02cf-5504-9d7b-3fea115af478_300px_trans_iranian_railway.jpg,,local-unesco-thumb,
567ac205-b1ac-5387-bca4-24d37f70d470,https://cloudflare-imgbed-euu.pages.dev/file/thumbnails/1788075311390_567ac205-b1ac-5387-bca4-24d37f70d470_300px_18th_century_royal_palace_at_caserta_with_the_park_the_aqued.jpg,,local-unesco-thumb,
cc3ddd05-6269-57fa-963d-e2d122ca141d,https://cloudflare-imgbed-euu.pages.dev/file/thumbnails/1788075331013_cc3ddd05-6269-57fa-963d-e2d122ca141d_300px_cathedral_torre_civica_and_piazza_grande_modena.jpg,,local-unesco-thumb,
2d7e54e8-b7d8-5db4-b3c7-4f1c841fb18b,https://cloudflare-imgbed-euu.pages.dev/file/thumbnails/1788075173110_2d7e54e8-b7d8-5db4-b3c7-4f1c841fb18b_300px_necropolis_of_bet_shearim_a_landmark_of_jewish_renewal.jpg,,local-unesco-thumb,
2655e42c-1045-5d26-af72-4de8f45b21d6,https://cloudflare-imgbed-euu.pages.dev/file/thumbnails/1788075092812_2655e42c-1045-5d26-af72-4de8f45b21d6_300px_costiera_amalfitana.jpg,,local-unesco-thumb,
5d7fef83-c1c6-56b5-a159-1c7cecc13361,https://cloudflare-imgbed-euu.pages.dev/file/thumbnails/1788075132163_5d7fef83-c1c6-56b5-a159-1c7cecc13361_300px_ferrara_city_of_the_renaissance_and_its_po_delta.jpg,,local-unesco-thumb,
4a23ba90-6873-5eb9-9e1b-645d0999531c,https://cloudflare-imgbed-euu.pages.dev/file/thumbnails/1788075043020_4a23ba90-6873-5eb9-9e1b-645d0999531c_300px_botanical_garden_orto_botanico_padua.jpg,,local-unesco-thumb,
52613677-08ac-52b5-99c9-44a58705ae23,https://cloudflare-imgbed-euu.pages.dev/file/thumbnails/1788075086247_52613677-08ac-52b5-99c9-44a58705ae23_300px_rachid_karami_international_fair_tripoli.jpg,,local-unesco-thumb,
16e19eed-f3aa-5726-910f-2e307a3d4f91,https://cloudflare-imgbed-euu.pages.dev/file/thumbnails/1788075121768_16e19eed-f3aa-5726-910f-2e307a3d4f91_300px_historic_centre_of_florence.jpg,,local-unesco-thumb,
fa187df0-3d99-532e-bdc9-e2aca107df25,https://cloudflare-imgbed-euu.pages.dev/file/thumbnails/1788075208310_fa187df0-3d99-532e-bdc9-e2aca107df25_300px_historic_centre_of_urbino.jpg,,local-unesco-thumb,
93c08d25-e1af-5cec-bd7d-a42e3aa5ea43,https://cloudflare-imgbed-euu.pages.dev/file/thumbnails/1788075255731_93c08d25-e1af-5cec-bd7d-a42e3aa5ea43_300px_historic_centre_of_the_city_of_pienza.jpg,,local-unesco-thumb,
a6de64df-7f85-5b3a-b6cf-a3b0c7a15117,https://cloudflare-imgbed-euu.pages.dev/file/thumbnails/1788075075965_a6de64df-7f85-5b3a-b6cf-a3b0c7a15117_300px_medici_villas_and_gardens_in_tuscany.jpg,,local-unesco-thumb,
322eedfb-83c5-5837-8f2e-357fa76f924b,https://cloudflare-imgbed-euu.pages.dev/file/thumbnails/1788075034449_322eedfb-83c5-5837-8f2e-357fa76f924b_300px_longobards_in_italy_places_of_the_power_568_774_ad.jpg,,local-unesco-thumb,
6b63769b-f8c3-5f73-ab17-4419248882b6,https://cloudflare-imgbed-euu.pages.dev/file/thumbnails/1788075286201_6b63769b-f8c3-5f73-ab17-4419248882b6_300px_late_baroque_towns_of_the_val_di_noto_south_eastern_sicily.jpg,,local-unesco-thumb,
42fcaff1-7415-521d-a26c-386b01f24133,https://cloudflare-imgbed-euu.pages.dev/file/thumbnails/1788075107907_42fcaff1-7415-521d-a26c-386b01f24133_300px_gunung_mulu_national_park.jpg,,local-unesco-thumb,
e953f9a9-699a-5fa9-a00c-0fa5bbdfd484,https://cloudflare-imgbed-euu.pages.dev/file/thumbnails/1788075246962_e953f9a9-699a-5fa9-a00c-0fa5bbdfd484_300px_syracuse_and_the_rocky_necropolis_of_pantalica.jpg,,local-unesco-thumb,
edc3daf6-4f3c-5c2f-a04e-5178ab9a1696,https://cloudflare-imgbed-euu.pages.dev/file/thumbnails/1788075142489_edc3daf6-4f3c-5c2f-a04e-5178ab9a1696_300px_earliest_16th_century_monasteries_on_the_slopes_of_popocatep.jpg,,local-unesco-thumb,
7f210d28-ad35-5a36-8c34-022881f9f3aa,https://cloudflare-imgbed-euu.pages.dev/file/thumbnails/1788075294555_7f210d28-ad35-5a36-8c34-022881f9f3aa_300px_residences_of_the_royal_house_of_savoy.jpg,,local-unesco-thumb,
6e5f89a9-e82e-5c18-b8eb-5890bda46fcd,https://cloudflare-imgbed-euu.pages.dev/file/thumbnails/1788075160463_6e5f89a9-e82e-5c18-b8eb-5890bda46fcd_300px_su_nuraxi_di_barumini.jpg,,local-unesco-thumb,
a3a2fc14-c5c3-5354-b3de-b6fcd6f4912b,https://cloudflare-imgbed-euu.pages.dev/file/thumbnails/1788075272386_a3a2fc14-c5c3-5354-b3de-b6fcd6f4912b_300px_the_dolomites.jpg,,local-unesco-thumb,
0926b080-345e-5700-a075-ddeeb3ae7ae7,https://cloudflare-imgbed-euu.pages.dev/file/thumbnails/1788075177971_0926b080-345e-5700-a075-ddeeb3ae7ae7_300px_le_colline_del_prosecco_di_conegliano_e_valdobbiadene.jpg,,local-unesco-thumb,
985d156e-4e92-5c48-bff6-4595693ce46f,https://cloudflare-imgbed-euu.pages.dev/file/thumbnails/1788075074456_985d156e-4e92-5c48-bff6-4595693ce46f_300px_funerary_tradition_in_the_prehistory_of_sardinia_emthe_domus.jpg,,local-unesco-thumb,
2717705b-e163-5a85-a751-578d320ff9ec,https://cloudflare-imgbed-euu.pages.dev/file/thumbnails/1788075062767_2717705b-e163-5a85-a751-578d320ff9ec_300px_fujisan_sacred_place_and_source_of_artistic_inspiration.jpg,,local-unesco-thumb,
9d56628e-6058-5c4f-b52c-a0cf5871bdd4,https://cloudflare-imgbed-euu.pages.dev/file/thumbnails/1788075268435_9d56628e-6058-5c4f-b52c-a0cf5871bdd4_300px_villa_deste_tivoli.jpg,,local-unesco-thumb,
d7eebc5e-1dc3-51c9-8c2a-50c8a12a143b,https://cloudflare-imgbed-euu.pages.dev/file/thumbnails/1788075085818_d7eebc5e-1dc3-51c9-8c2a-50c8a12a143b_300px_gusuku_sites_and_related_properties_of_the_kingdom_of_ryukyu.jpg,,local-unesco-thumb,
6045ea12-5a54-5226-8e38-d88a871c317c,https://cloudflare-imgbed-euu.pages.dev/file/thumbnails/1788075179617_6045ea12-5a54-5226-8e38-d88a871c317c_300px_himeji_jo.jpg,,local-unesco-thumb,
5aff2d0e-3d0d-5661-9caa-89cd32eb10e3,https://cloudflare-imgbed-euu.pages.dev/file/thumbnails/1788075285335_5aff2d0e-3d0d-5661-9caa-89cd32eb10e3_300px_via_appia_emregina_viarumem.jpg,,local-unesco-thumb,
c8a240b1-c061-5e85-a52e-a6e28ae75eb5,https://cloudflare-imgbed-euu.pages.dev/file/thumbnails/1788075022166_c8a240b1-c061-5e85-a52e-a6e28ae75eb5_300px_historic_monuments_of_ancient_kyoto_kyoto_uji_and_otsu_citie.jpg,,local-unesco-thumb,
93e85f28-f8d3-5b71-a188-238a29bc28cf,https://cloudflare-imgbed-euu.pages.dev/file/thumbnails/1788075059958_93e85f28-f8d3-5b71-a188-238a29bc28cf_300px_iwami_ginzan_silver_mine_and_its_cultural_landscape.jpg,,local-unesco-thumb,
e9a516e8-5f60-50e2-a2d4-b94727f40a8b,https://cloudflare-imgbed-euu.pages.dev/file/thumbnails/1788075014233_e9a516e8-5f60-50e2-a2d4-b94727f40a8b_300px_sites_of_japans_meiji_industrial_revolution_iron_and_steel_s.jpg,,local-unesco-thumb,
3608c2ab-83bc-5731-ac1b-1834eddec0a3,https://cloudflare-imgbed-euu.pages.dev/file/thumbnails/1788075324364_3608c2ab-83bc-5731-ac1b-1834eddec0a3_300px_um_er_rasas_kastrom_mefaa.jpg,,local-unesco-thumb,
24ef9e80-3518-51e6-be71-672715f15a4c,https://cloudflare-imgbed-euu.pages.dev/file/thumbnails/1788075316957_24ef9e80-3518-51e6-be71-672715f15a4c_300px_baptism_site_bethany_beyond_the_jordan_al_maghtas.jpg,,local-unesco-thumb,
43f5ad96-2b43-5402-ad03-f7110e095aae,https://cloudflare-imgbed-euu.pages.dev/file/thumbnails/1788075298648_43f5ad96-2b43-5402-ad03-f7110e095aae_300px_wadi_rum_protected_area.jpg,,local-unesco-thumb,
47febf4c-a5e5-59f4-81a0-0084e03bc36a,https://cloudflare-imgbed-euu.pages.dev/file/thumbnails/1788075219859_47febf4c-a5e5-59f4-81a0-0084e03bc36a_300px_quseir_amra.jpg,,local-unesco-thumb,
4efb51c9-6644-587a-9afe-fd0c97fb8052,https://cloudflare-imgbed-euu.pages.dev/file/thumbnails/1788075069341_4efb51c9-6644-587a-9afe-fd0c97fb8052_300px_kenya_lake_system_in_the_great_rift_valley.jpg,,local-unesco-thumb,
930ed4f7-fc91-5281-abfd-104d73f13f77,https://cloudflare-imgbed-euu.pages.dev/file/thumbnails/1788075289657_930ed4f7-fc91-5281-abfd-104d73f13f77_300px_hidden_christian_sites_in_the_nagasaki_region.jpg,,local-unesco-thumb,
f675ee74-2784-56fa-ab63-7b4fb2da34e3,https://cloudflare-imgbed-euu.pages.dev/file/thumbnails/1788075249483_f675ee74-2784-56fa-ab63-7b4fb2da34e3_300px_as_salt_the_place_of_tolerance_and_urban_hospitality.jpg,,local-unesco-thumb,
1c152058-2511-56a3-81f4-c106cc65dd6e,https://cloudflare-imgbed-euu.pages.dev/file/thumbnails/1788075163970_1c152058-2511-56a3-81f4-c106cc65dd6e_300px_fort_jesus_mombasa.jpg,,local-unesco-thumb,
b0b9cb22-9d83-59ec-9af1-82d71c80017b,https://cloudflare-imgbed-euu.pages.dev/file/thumbnails/1788075241749_b0b9cb22-9d83-59ec-9af1-82d71c80017b_300px_umm_al_jimāl.jpg,,local-unesco-thumb,
a530a696-75c2-506e-b71c-b8b71b74b6d3,https://cloudflare-imgbed-euu.pages.dev/file/thumbnails/1788075169519_a530a696-75c2-506e-b71c-b8b71b74b6d3_300px_mount_kenya_national_parknatural_forest.jpg,,local-unesco-thumb,
4865eec9-b10e-58e2-8930-db0497581fac,https://cloudflare-imgbed-euu.pages.dev/file/thumbnails/1788075009679_4865eec9-b10e-58e2-8930-db0497581fac_300px_vat_phou_and_associated_ancient_settlements_within_the_champ.jpg,,local-unesco-thumb,
afe87985-79f8-5f79-9975-20ebec5bb083,https://cloudflare-imgbed-euu.pages.dev/file/thumbnails/1788075117177_afe87985-79f8-5f79-9975-20ebec5bb083_300px_old_town_of_ghadamès.jpg,,local-unesco-thumb,
6b3d26cc-5587-5a1f-a014-a2de804a3b29,https://cloudflare-imgbed-euu.pages.dev/file/thumbnails/1788075062897_6b3d26cc-5587-5a1f-a014-a2de804a3b29_300px_city_of_luxembourg_its_old_quarters_and_fortifications.jpg,,local-unesco-thumb,
81e87939-bc84-54ad-a492-a292a6e32397,https://cloudflare-imgbed-euu.pages.dev/file/thumbnails/1788075326495_81e87939-bc84-54ad-a492-a292a6e32397_300px_rainforests_of_the_atsinanana.jpg,,local-unesco-thumb,
a062c258-3cfa-5e53-ab03-d434d1785e4a,https://cloudflare-imgbed-euu.pages.dev/file/thumbnails/1788075059440_a062c258-3cfa-5e53-ab03-d434d1785e4a_300px_historic_centre_of_riga.jpg,,local-unesco-thumb,
2bb16a89-cccf-536e-acfa-28834cd7053b,https://cloudflare-imgbed-euu.pages.dev/file/thumbnails/1788075188324_2bb16a89-cccf-536e-acfa-28834cd7053b_300px_royal_hill_of_ambohimanga.jpg,,local-unesco-thumb,
0c16e5be-ccc5-516a-b6af-a61c2908a137,https://cloudflare-imgbed-euu.pages.dev/file/thumbnails/1788075140359_0c16e5be-ccc5-516a-b6af-a61c2908a137_300px_the_archaeological_heritage_of_niah_national_parks_caves_com.jpg,,local-unesco-thumb,
1893d3fe-c072-5da6-8b57-3df686fe9457,https://cloudflare-imgbed-euu.pages.dev/file/thumbnails/1788075265845_1893d3fe-c072-5da6-8b57-3df686fe9457_300px_ancient_iksouri_of_ouadane_chinguetti_tichitt_and_oualata.jpg,,local-unesco-thumb,
2f7f397c-b462-587a-bd4d-585513a825c5,https://cloudflare-imgbed-euu.pages.dev/file/thumbnails/1788075246890_2f7f397c-b462-587a-bd4d-585513a825c5_300px_timbuktu.jpg,,local-unesco-thumb,
5ddd9c61-822f-5b51-8ac6-e575ceb58723,https://cloudflare-imgbed-euu.pages.dev/file/thumbnails/1788075021198_5ddd9c61-822f-5b51-8ac6-e575ceb58723_300px_thimlich_ohinga_archaeological_site.jpg,,local-unesco-thumb,
337df74c-9b9e-5f14-9ef6-68e64eed263a,https://cloudflare-imgbed-euu.pages.dev/file/thumbnails/1788075021383_337df74c-9b9e-5f14-9ef6-68e64eed263a_300px_franciscan_missions_in_the_sierra_gorda_of_querétaro.jpg,,local-unesco-thumb,
0ad23bee-e25a-52c1-a04d-ba290b2dd712,https://cloudflare-imgbed-euu.pages.dev/file/thumbnails/1788075233662_0ad23bee-e25a-52c1-a04d-ba290b2dd712_300px_el_tajin_pre_hispanic_city.jpg,,local-unesco-thumb,
1120bad4-b54a-584e-8fe5-d342035c6af2,https://cloudflare-imgbed-euu.pages.dev/file/thumbnails/1788075066982_1120bad4-b54a-584e-8fe5-d342035c6af2_300px_central_university_city_campus_of_the_iuniversidad_nacional.jpg,,local-unesco-thumb,
274adf2a-031f-5458-b8f2-1e55c9983d40,https://cloudflare-imgbed-euu.pages.dev/file/thumbnails/1788075186718_274adf2a-031f-5458-b8f2-1e55c9983d40_300px_historic_centre_of_oaxaca_and_archaeological_site_of_monte_a.jpg,,local-unesco-thumb,
040dd8f1-e440-5bc6-9d5f-f96e86829728,https://cloudflare-imgbed-euu.pages.dev/file/thumbnails/1788075304759_040dd8f1-e440-5bc6-9d5f-f96e86829728_300px_hospicio_cabañas_guadalajara.jpg,,local-unesco-thumb,
efd8eafb-dfb8-5b23-b7ca-47555962e7ab,https://cloudflare-imgbed-euu.pages.dev/file/thumbnails/1788075332260_efd8eafb-dfb8-5b23-b7ca-47555962e7ab_300px_historic_monuments_zone_of_querétaro.jpg,,local-unesco-thumb,
cbd736b9-f186-5e9c-b3c6-c6a03b959765,https://cloudflare-imgbed-euu.pages.dev/file/thumbnails/1788075185643_cbd736b9-f186-5e9c-b3c6-c6a03b959765_300px_luis_barragán_house_and_studio.jpg,,local-unesco-thumb,
156d99ac-e212-57e2-8812-df1fefe62057,https://cloudflare-imgbed-euu.pages.dev/file/thumbnails/1788075087086_156d99ac-e212-57e2-8812-df1fefe62057_300px_le_morne_cultural_landscape.jpg,,local-unesco-thumb,
7e764209-fc85-5578-a625-af1e6f46fffa,https://cloudflare-imgbed-euu.pages.dev/file/thumbnails/1788075199298_7e764209-fc85-5578-a625-af1e6f46fffa_300px_monarch_butterfly_biosphere_reserve.jpg,,local-unesco-thumb,
7e0ae2a7-4335-5105-bfcd-0ea6e7c870c7,https://cloudflare-imgbed-euu.pages.dev/file/thumbnails/1788075149222_7e0ae2a7-4335-5105-bfcd-0ea6e7c870c7_300px_modernist_kaunas_architecture_of_optimism_1919_1939.jpg,,local-unesco-thumb,
f92d73d8-2c44-5860-8feb-cf775ab118bf,https://cloudflare-imgbed-euu.pages.dev/file/thumbnails/1788075232428_f92d73d8-2c44-5860-8feb-cf775ab118bf_300px_rock_paintings_of_the_sierra_de_san_francisco.jpg,,local-unesco-thumb,
d24f2148-bf07-53ef-8511-de942d8cf008,https://cloudflare-imgbed-euu.pages.dev/file/thumbnails/1788075331350_d24f2148-bf07-53ef-8511-de942d8cf008_300px_pre_hispanic_city_of_teotihuacan.jpg,,local-unesco-thumb,
643f2682-e5fa-559c-9319-5d23d02c19c9,https://cloudflare-imgbed-euu.pages.dev/file/thumbnails/1788075228820_643f2682-e5fa-559c-9319-5d23d02c19c9_300px_prehistoric_caves_of_yagul_and_mitla_in_the_central_valley_o.jpg,,local-unesco-thumb,
cbdbec0b-a1da-5514-9ac3-a780cf895a05,https://cloudflare-imgbed-euu.pages.dev/file/thumbnails/1788075291129_cbdbec0b-a1da-5514-9ac3-a780cf895a05_300px_durmitor_national_park.jpg,,local-unesco-thumb,
94fec93b-9247-540b-8dc6-44d25f924b18,https://cloudflare-imgbed-euu.pages.dev/file/thumbnails/1788075274021_94fec93b-9247-540b-8dc6-44d25f924b18_300px_tehuacán_cuicatlán_valley_originary_habitat_of_mesoamerica.jpg,,local-unesco-thumb,
c6e1f6e4-14eb-56d6-bdf1-fad2bef92ab8,https://cloudflare-imgbed-euu.pages.dev/file/thumbnails/1788075230520_c6e1f6e4-14eb-56d6-bdf1-fad2bef92ab8_300px_medina_of_fez.jpg,,local-unesco-thumb,
9cd23f25-3835-5de2-89e0-3f6d2efaf46c,https://cloudflare-imgbed-euu.pages.dev/file/thumbnails/1788075191739_9cd23f25-3835-5de2-89e0-3f6d2efaf46c_300px_medina_of_essaouira_formerly_mogador.jpg,,local-unesco-thumb,
2afe18b2-e7c8-541b-bf0c-ce5b32992934,https://cloudflare-imgbed-euu.pages.dev/file/thumbnails/1788075119913_2afe18b2-e7c8-541b-bf0c-ce5b32992934_300px_nan_madol_ceremonial_centre_of_eastern_micronesia.jpg,,local-unesco-thumb,
570295ab-df08-5fb5-886d-cf76d30046e2,https://cloudflare-imgbed-euu.pages.dev/file/thumbnails/1788075176828_570295ab-df08-5fb5-886d-cf76d30046e2_300px_great_burkhan_khaldun_mountain_and_its_surrounding_sacred_la.jpg,,local-unesco-thumb,
1d3f9ab6-cb35-5572-af3e-397f769ab71a,https://cloudflare-imgbed-euu.pages.dev/file/thumbnails/1788075237543_1d3f9ab6-cb35-5572-af3e-397f769ab71a_300px_isimangaliso_wetland_park_maputo_national_park.jpg,,local-unesco-thumb,
677a04fa-32d7-5e55-8fd4-df9808108f22,https://cloudflare-imgbed-euu.pages.dev/file/thumbnails/1788075190368_677a04fa-32d7-5e55-8fd4-df9808108f22_300px_pyu_ancient_cities.jpg,,local-unesco-thumb,
aeba307a-5991-58f6-8d5a-6a62a77909b4,https://cloudflare-imgbed-euu.pages.dev/file/thumbnails/1788075225230_aeba307a-5991-58f6-8d5a-6a62a77909b4_300px_bagan.jpg,,local-unesco-thumb,
7662dd12-209a-508f-bf5e-3a146a6c27cb,https://cloudflare-imgbed-euu.pages.dev/file/thumbnails/1788075050347_7662dd12-209a-508f-bf5e-3a146a6c27cb_300px_kathmandu_valley.jpg,,local-unesco-thumb,
8d47d74d-9ad0-5a52-b7b4-7b785163a91a,https://cloudflare-imgbed-euu.pages.dev/file/thumbnails/1788075262202_8d47d74d-9ad0-5a52-b7b4-7b785163a91a_300px_sagarmatha_national_park.jpg,,local-unesco-thumb,
c2642bfe-5a38-5b78-8076-b3ab6b6eb78e,https://cloudflare-imgbed-euu.pages.dev/file/thumbnails/1788075221227_c2642bfe-5a38-5b78-8076-b3ab6b6eb78e_300px_droogmakerij_de_beemster_beemster_polder.jpg,,local-unesco-thumb,
5e115c5e-8710-5ca5-9754-563f80e93a26,https://cloudflare-imgbed-euu.pages.dev/file/thumbnails/1788075106093_5e115c5e-8710-5ca5-9754-563f80e93a26_300px_rabat_modern_capital_and_historic_city_a_shared_heritage.jpg,,local-unesco-thumb,
873ec36f-d5a8-5878-85b1-18babc0534ad,https://cloudflare-imgbed-euu.pages.dev/file/thumbnails/1788075183597_873ec36f-d5a8-5878-85b1-18babc0534ad_300px_mill_network_at_kinderdijk_elshout.jpg,,local-unesco-thumb,
61b08024-e430-5ffa-b24f-de24c7666efb,https://cloudflare-imgbed-euu.pages.dev/file/thumbnails/1788075140627_61b08024-e430-5ffa-b24f-de24c7666efb_300px_lumbini_the_birthplace_of_the_lord_buddha.jpg,,local-unesco-thumb,
518092a5-4ae1-572f-982d-1b95cca62e3e,https://cloudflare-imgbed-euu.pages.dev/file/thumbnails/1788075272459_518092a5-4ae1-572f-982d-1b95cca62e3e_300px_rietveld_schröderhuis_rietveld_schröder_house.jpg,,local-unesco-thumb,
618d2607-65c1-56a4-864a-f0dc23350f7f,https://cloudflare-imgbed-euu.pages.dev/file/thumbnails/1788075025846_618d2607-65c1-56a4-864a-f0dc23350f7f_300px_dutch_water_defence_lines.jpg,,local-unesco-thumb,
b60f81a9-0c85-5f49-8289-42d4c02c507d,https://cloudflare-imgbed-euu.pages.dev/file/thumbnails/1788075067404_b60f81a9-0c85-5f49-8289-42d4c02c507d_300px_historic_area_of_willemstad_inner_city_and_harbour_curaçao.jpg,,local-unesco-thumb,
ac28c2a7-3915-5f43-8ec1-71e5dde18e1c,https://cloudflare-imgbed-euu.pages.dev/file/thumbnails/1788075209548_ac28c2a7-3915-5f43-8ec1-71e5dde18e1c_300px_irdf_woudagemaal_df_wouda_steam_pumping_station.jpg,,local-unesco-thumb,
4a1ec831-4d4b-544f-bbdb-f98ef9b25c03,https://cloudflare-imgbed-euu.pages.dev/file/thumbnails/1788075284800_4a1ec831-4d4b-544f-bbdb-f98ef9b25c03_300px_seventeenth_century_canal_ring_area_of_amsterdam_inside_the.jpg,,local-unesco-thumb,
6e43c00e-2193-5c59-adf4-02acaaff2df1,https://cloudflare-imgbed-euu.pages.dev/file/thumbnails/1788075227877_6e43c00e-2193-5c59-adf4-02acaaff2df1_300px_león_cathedral.jpg,,local-unesco-thumb,
f206c35b-64f6-5658-b855-1b700f54bd9d,https://cloudflare-imgbed-euu.pages.dev/file/thumbnails/1788075086588_f206c35b-64f6-5658-b855-1b700f54bd9d_300px_island_of_mozambique.jpg,,local-unesco-thumb,
e41f2617-1e6f-5f4f-a4dd-a87d07703879,https://cloudflare-imgbed-euu.pages.dev/file/thumbnails/1788075163843_e41f2617-1e6f-5f4f-a4dd-a87d07703879_300px_tongariro_national_park.jpg,,local-unesco-thumb,
c5989343-7041-5c37-8f0f-93a2f9faaa92,https://cloudflare-imgbed-euu.pages.dev/file/thumbnails/1788075137951_c5989343-7041-5c37-8f0f-93a2f9faaa92_300px_osun_osogbo_sacred_grove.jpg,,local-unesco-thumb,
72e73ec8-e3ee-5b57-840a-3345518dadc1,https://cloudflare-imgbed-euu.pages.dev/file/thumbnails/1788075099789_72e73ec8-e3ee-5b57-840a-3345518dadc1_300px_historic_centre_of_agadez.jpg,,local-unesco-thumb,
35a49bcd-bfee-5409-9f0b-af0964dc0d6c,https://cloudflare-imgbed-euu.pages.dev/file/thumbnails/1788075226349_35a49bcd-bfee-5409-9f0b-af0964dc0d6c_300px_air_and_ténéré_natural_reserves.jpg,,local-unesco-thumb,
6e87510c-449c-5d46-a959-9bb3d31970ec,https://cloudflare-imgbed-euu.pages.dev/file/thumbnails/1788075118077_6e87510c-449c-5d46-a959-9bb3d31970ec_300px_iaflaji_irrigation_systems_of_oman.jpg,,local-unesco-thumb,
cf701aff-cc1f-585a-9b95-e82b103471c0,https://cloudflare-imgbed-euu.pages.dev/file/thumbnails/1788075159227_cf701aff-cc1f-585a-9b95-e82b103471c0_300px_rock_islands_southern_lagoon.jpg,,local-unesco-thumb,
557d7769-ce90-5950-b427-c6a8af8fcb10,https://cloudflare-imgbed-euu.pages.dev/file/thumbnails/1788075168892_557d7769-ce90-5950-b427-c6a8af8fcb10_300px_city_of_cuzco.jpg,,local-unesco-thumb,
6eeb1a2f-dc75-5921-8c7c-679828419984,https://cloudflare-imgbed-euu.pages.dev/file/thumbnails/1788075317934_6eeb1a2f-dc75-5921-8c7c-679828419984_300px_historic_sanctuary_of_machu_picchu.jpg,,local-unesco-thumb,
027fd12b-95d3-54df-a0f1-d653c98d5a99,https://cloudflare-imgbed-euu.pages.dev/file/thumbnails/1788075247862_027fd12b-95d3-54df-a0f1-d653c98d5a99_300px_archaeological_sites_of_bat_al_khutm_and_al_ayn.jpg,,local-unesco-thumb,
e04f3ba4-3e41-55df-8b43-5e098da27a76,https://cloudflare-imgbed-euu.pages.dev/file/thumbnails/1788075146274_e04f3ba4-3e41-55df-8b43-5e098da27a76_300px_lines_and_geoglyphs_of_nasca_and_palpa.jpg,,local-unesco-thumb,
56a3dc46-22db-5fa1-ad19-d3db603401b3,https://cloudflare-imgbed-euu.pages.dev/file/thumbnails/1788075078786_56a3dc46-22db-5fa1-ad19-d3db603401b3_300px_archaeological_ruins_at_moenjodaro.jpg,,local-unesco-thumb,
a0284e57-9a73-5f41-b3a4-a8cb9763b51f,https://cloudflare-imgbed-euu.pages.dev/file/thumbnails/1788075243059_a0284e57-9a73-5f41-b3a4-a8cb9763b51f_300px_historical_centre_of_the_city_of_arequipa.jpg,,local-unesco-thumb,
a5773a84-8431-544f-adf1-28d4749b5fad,https://cloudflare-imgbed-euu.pages.dev/file/thumbnails/1788075281215_a5773a84-8431-544f-adf1-28d4749b5fad_300px_sacred_city_of_caral_supe.jpg,,local-unesco-thumb,
53889284-32dd-5bb8-a6ea-e22d2411578b,https://cloudflare-imgbed-euu.pages.dev/file/thumbnails/1788075078875_53889284-32dd-5bb8-a6ea-e22d2411578b_300px_historic_centre_of_lima.jpg,,local-unesco-thumb,
804b5061-2d7a-5f20-8c13-447f36d0b618,https://cloudflare-imgbed-euu.pages.dev/file/thumbnails/1788075041992_804b5061-2d7a-5f20-8c13-447f36d0b618_300px_tubbataha_reefs_natural_park.jpg,,local-unesco-thumb,
a7b675d6-350e-586f-ba38-a4b83be2160b,https://cloudflare-imgbed-euu.pages.dev/file/thumbnails/1788075305912_a7b675d6-350e-586f-ba38-a4b83be2160b_300px_old_city_of_zamość.jpg,,local-unesco-thumb,
38d28313-9570-50d5-acb4-7e6f2824ff5b,https://cloudflare-imgbed-euu.pages.dev/file/thumbnails/1788075264978_38d28313-9570-50d5-acb4-7e6f2824ff5b_300px_auschwitz_birkenau_br_smallgerman_nazi_concentration_and_ext.jpg,,local-unesco-thumb,
a8591d98-e437-57a8-9fc4-bdc10a0bc62a,https://cloudflare-imgbed-euu.pages.dev/file/thumbnails/1788075178093_a8591d98-e437-57a8-9fc4-bdc10a0bc62a_300px_convent_of_christ_in_tomar.jpg,,local-unesco-thumb,
5741d028-7f69-57c0-bd99-e928b22bde58,https://cloudflare-imgbed-euu.pages.dev/file/thumbnails/1788075030340_5741d028-7f69-57c0-bd99-e928b22bde58_300px_monastery_of_alcobaça.jpg,,local-unesco-thumb,
509cdbc7-5e17-5c37-bde8-c3ef88a1db36,https://cloudflare-imgbed-euu.pages.dev/file/thumbnails/1788075272105_509cdbc7-5e17-5c37-bde8-c3ef88a1db36_300px_historic_centre_of_oporto_luiz_i_bridge_and_monastery_of_ser.jpg,,local-unesco-thumb,
3445ccd7-0216-5100-9303-f183d439b1fb,https://cloudflare-imgbed-euu.pages.dev/file/thumbnails/1788075024609_3445ccd7-0216-5100-9303-f183d439b1fb_300px_monastery_of_the_hieronymites_and_tower_of_belém_in_lisbon.jpg,,local-unesco-thumb,
9648471f-ef38-5d5f-abc1-c5d99be5f754,https://cloudflare-imgbed-euu.pages.dev/file/thumbnails/1788075125097_9648471f-ef38-5d5f-abc1-c5d99be5f754_300px_kuk_early_agricultural_site.jpg,,local-unesco-thumb,
6fb37f50-7322-539e-a812-e8e47544084a,https://cloudflare-imgbed-euu.pages.dev/file/thumbnails/1788075126797_6fb37f50-7322-539e-a812-e8e47544084a_300px_changdeokgung_palace_complex.jpg,,local-unesco-thumb,
46e767d3-3fff-51cc-aaba-9eb003e69c3a,https://cloudflare-imgbed-euu.pages.dev/file/thumbnails/1788075255337_46e767d3-3fff-51cc-aaba-9eb003e69c3a_300px_getbol_korean_tidal_flats.jpg,,local-unesco-thumb,
bdea1522-8bb2-5047-93ed-33e6904b125a,https://cloudflare-imgbed-euu.pages.dev/file/thumbnails/1788075176236_bdea1522-8bb2-5047-93ed-33e6904b125a_300px_hwaseong_fortress.jpg,,local-unesco-thumb,
efe2a512-b29e-5700-a1b3-c942c7d0abf2,https://cloudflare-imgbed-euu.pages.dev/file/thumbnails/1788075295024_efe2a512-b29e-5700-a1b3-c942c7d0abf2_300px_jongmyo_shrine.jpg,,local-unesco-thumb,
58318d33-56f5-509b-8b01-4dfe647d27e9,https://cloudflare-imgbed-euu.pages.dev/file/thumbnails/1788075108866_58318d33-56f5-509b-8b01-4dfe647d27e9_300px_brâncuși_monumental_ensemble_of_târgu_jiu.jpg,,local-unesco-thumb,
ef708809-ed5b-5ba7-90c4-bbaa39fa4c8c,https://cloudflare-imgbed-euu.pages.dev/file/thumbnails/1788075048334_ef708809-ed5b-5ba7-90c4-bbaa39fa4c8c_300px_royal_building_of_imafrai_palace_basilica_convent_icercoi_ga.jpg,,local-unesco-thumb,
53c8ab97-0da2-5ad5-b1a0-751c1e29e17e,https://cloudflare-imgbed-euu.pages.dev/file/thumbnails/1788075188651_53c8ab97-0da2-5ad5-b1a0-751c1e29e17e_300px_historic_centre_of_sighişoara.jpg,,local-unesco-thumb,
0b6e634a-9c28-5ca6-88f0-6b972fbc07bc,https://cloudflare-imgbed-euu.pages.dev/file/thumbnails/1788075181667_0b6e634a-9c28-5ca6-88f0-6b972fbc07bc_300px_villages_with_fortified_churches_in_transylvania.jpg,,local-unesco-thumb,
a8381719-7a88-5086-b930-b5c93a7975b8,https://cloudflare-imgbed-euu.pages.dev/file/thumbnails/1788075299854_a8381719-7a88-5086-b930-b5c93a7975b8_300px_architectural_ensemble_of_the_trinity_sergius_lavra_in_sergi.jpg,,local-unesco-thumb,
1ac53f01-4645-5cfe-9301-7a4a9a81e441,https://cloudflare-imgbed-euu.pages.dev/file/thumbnails/1788075062965_1ac53f01-4645-5cfe-9301-7a4a9a81e441_300px_wooden_churches_of_maramureş.jpg,,local-unesco-thumb,
6d3bae7f-87fc-509d-95c6-680dd85cf95f,https://cloudflare-imgbed-euu.pages.dev/file/thumbnails/1788075185802_6d3bae7f-87fc-509d-95c6-680dd85cf95f_300px_ensemble_of_the_ferapontov_monastery.jpg,,local-unesco-thumb,
01ff8a77-2aa3-515c-86d7-d6c9a8357a9f,https://cloudflare-imgbed-euu.pages.dev/file/thumbnails/1788075299565_01ff8a77-2aa3-515c-86d7-d6c9a8357a9f_300px_sansa_buddhist_mountain_monasteries_in_korea.jpg,,local-unesco-thumb,
3ed3bc67-f5c5-5c08-843b-b66f98d56f71,https://cloudflare-imgbed-euu.pages.dev/file/thumbnails/1788075012640_3ed3bc67-f5c5-5c08-843b-b66f98d56f71_300px_royal_tombs_of_the_joseon_dynasty.jpg,,local-unesco-thumb,
84bbe4a3-0b01-5a51-8882-389aea195102,https://cloudflare-imgbed-euu.pages.dev/file/thumbnails/1788075116048_84bbe4a3-0b01-5a51-8882-389aea195102_300px_kizhi_pogost.jpg,,local-unesco-thumb,
37af1511-f17d-5c96-bbfc-51f5889d9a0c,https://cloudflare-imgbed-euu.pages.dev/file/thumbnails/1788075027815_37af1511-f17d-5c96-bbfc-51f5889d9a0c_300px_western_caucasus.jpg,,local-unesco-thumb,
395f9218-9e2b-5eb8-93d8-fbafa50d18ec,https://cloudflare-imgbed-euu.pages.dev/file/thumbnails/1788075086259_395f9218-9e2b-5eb8-93d8-fbafa50d18ec_300px_memorial_sites_of_the_genocide_nyamata_murambi_gisozi_and_bi.jpg,,local-unesco-thumb,
a51d2cd1-ce3c-5e9e-a8df-7976caa4de41,https://cloudflare-imgbed-euu.pages.dev/file/thumbnails/1788075274352_a51d2cd1-ce3c-5e9e-a8df-7976caa4de41_300px_assumption_cathedral_and_monastery_of_the_town_island_of_svi.jpg,,local-unesco-thumb,
61787d21-7bf4-569a-acc6-b66de316ac8f,https://cloudflare-imgbed-euu.pages.dev/file/thumbnails/1788075138660_61787d21-7bf4-569a-acc6-b66de316ac8f_300px_pitons_management_area.jpg,,local-unesco-thumb,
80e2e6a3-04ca-565c-9eb8-4413c0752b01,https://cloudflare-imgbed-euu.pages.dev/file/thumbnails/1788075215323_80e2e6a3-04ca-565c-9eb8-4413c0752b01_300px_cultural_landscape_of_kenozero_lake.jpg,,local-unesco-thumb,
559a15f3-a760-55d5-b7d8-f260ebb336e8,https://cloudflare-imgbed-euu.pages.dev/file/thumbnails/1788075294149_559a15f3-a760-55d5-b7d8-f260ebb336e8_300px_at_turaif_district_in_ad_diriyah.jpg,,local-unesco-thumb,
3352f6c7-8cf8-5126-9a9e-61f460a3fc01,https://cloudflare-imgbed-euu.pages.dev/file/thumbnails/1788075249704_3352f6c7-8cf8-5126-9a9e-61f460a3fc01_300px_historic_jeddah_the_gate_to_makkah.jpg,,local-unesco-thumb,
0e85f3b9-39ab-5f01-831d-dc76d537052a,https://cloudflare-imgbed-euu.pages.dev/file/thumbnails/1788075127241_0e85f3b9-39ab-5f01-831d-dc76d537052a_300px_hegra_archaeological_site_al_hijr_madā_in_ṣāliḥ.jpg,,local-unesco-thumb,
0a644261-5661-50fa-8285-8daa85cd1e52,https://cloudflare-imgbed-euu.pages.dev/file/thumbnails/1788075290928_0a644261-5661-50fa-8285-8daa85cd1e52_300px_island_of_gorée.jpg,,local-unesco-thumb,
2c42773b-52cb-5b0a-8668-d4f49faba986,https://cloudflare-imgbed-euu.pages.dev/file/thumbnails/1788075017176_2c42773b-52cb-5b0a-8668-d4f49faba986_300px_ḥimā_cultural_area.jpg,,local-unesco-thumb,
1abc36d3-0b59-5290-a2f7-c74cc665708b,https://cloudflare-imgbed-euu.pages.dev/file/thumbnails/1788075224740_1abc36d3-0b59-5290-a2f7-c74cc665708b_300px_djoudj_national_bird_sanctuary.jpg,,local-unesco-thumb,
9bf402d7-1d17-50c3-a20f-c3dbfdc5c43e,https://cloudflare-imgbed-euu.pages.dev/file/thumbnails/1788075223710_9bf402d7-1d17-50c3-a20f-c3dbfdc5c43e_300px_niokolo_koba_national_park.jpg,,local-unesco-thumb,
fb145640-457d-5e5d-b7cd-cba632cde063,https://cloudflare-imgbed-euu.pages.dev/file/thumbnails/1788075207349_fb145640-457d-5e5d-b7cd-cba632cde063_300px_saloum_delta.jpg,,local-unesco-thumb,
74e4a803-5e8d-514c-86f3-3d9ae14b8148,https://cloudflare-imgbed-euu.pages.dev/file/thumbnails/1788075264283_74e4a803-5e8d-514c-86f3-3d9ae14b8148_300px_studenica_monastery.jpg,,local-unesco-thumb,
32c3c992-94a1-55e6-866b-e679a9416cde,https://cloudflare-imgbed-euu.pages.dev/file/thumbnails/1788075029105_32c3c992-94a1-55e6-866b-e679a9416cde_300px_heritage_of_mercury_almadén_and_idrija.jpg,,local-unesco-thumb,
da902256-2d92-5204-82df-091c53f98c78,https://cloudflare-imgbed-euu.pages.dev/file/thumbnails/1788075084287_da902256-2d92-5204-82df-091c53f98c78_300px_historic_town_of_banská_štiavnica_and_the_technical_monument.jpg,,local-unesco-thumb,
5934a18d-3e59-560e-91b0-0766277f9462,https://cloudflare-imgbed-euu.pages.dev/file/thumbnails/1788075235212_5934a18d-3e59-560e-91b0-0766277f9462_300px_cathedral_alcázar_and_archivo_de_indias_in_seville.jpg,,local-unesco-thumb,
fb5c6030-dd04-50d7-958b-c1a8c4119938,https://cloudflare-imgbed-euu.pages.dev/file/thumbnails/1788075281556_fb5c6030-dd04-50d7-958b-c1a8c4119938_300px_gaya_tumuli.jpg,,local-unesco-thumb,
f34bf445-660c-58b4-801f-32f28df89875,https://cloudflare-imgbed-euu.pages.dev/file/thumbnails/1788075135094_f34bf445-660c-58b4-801f-32f28df89875_300px_the_cultural_landscape_of_al_faw_archaeological_area.jpg,,local-unesco-thumb,
7a1cdf43-7cbe-51f3-b29d-e1d7939ee4d3,https://cloudflare-imgbed-euu.pages.dev/file/thumbnails/1788075257597_7a1cdf43-7cbe-51f3-b29d-e1d7939ee4d3_300px_central_suriname_nature_reserve.jpg,,local-unesco-thumb,
a2fdb42c-2c78-5d53-8acd-b832c3457eea,https://cloudflare-imgbed-euu.pages.dev/file/thumbnails/1788075326805_a2fdb42c-2c78-5d53-8acd-b832c3457eea_300px_alhambra_generalife_and_albayzín_granada.jpg,,local-unesco-thumb,
58568d07-ed91-5885-8e23-f8dd7cc1a972,https://cloudflare-imgbed-euu.pages.dev/file/thumbnails/1788075248309_58568d07-ed91-5885-8e23-f8dd7cc1a972_300px_vredefort_dome.jpg,,local-unesco-thumb,
f8e5704b-2594-5141-b646-60f354af75d7,https://cloudflare-imgbed-euu.pages.dev/file/thumbnails/1788075112187_f8e5704b-2594-5141-b646-60f354af75d7_300px_škocjan_caves.jpg,,local-unesco-thumb,
1f633530-bb28-5320-81f4-66982ed465a8,https://cloudflare-imgbed-euu.pages.dev/file/thumbnails/1788075084495_1f633530-bb28-5320-81f4-66982ed465a8_300px_doñana_national_park.jpg,,local-unesco-thumb,
ff095319-cd3f-5f89-b43d-a944742fd337,https://cloudflare-imgbed-euu.pages.dev/file/thumbnails/1788075052486_ff095319-cd3f-5f89-b43d-a944742fd337_300px_historic_centre_of_cordoba.jpg,,local-unesco-thumb,
ec9761cd-942a-59cc-bb5d-7dc3b91ef1a1,https://cloudflare-imgbed-euu.pages.dev/file/thumbnails/1788075276202_ec9761cd-942a-59cc-bb5d-7dc3b91ef1a1_300px_burgos_cathedral.jpg,,local-unesco-thumb,
0a2a8ff4-c336-5b18-9253-69162d1d9dd5,https://cloudflare-imgbed-euu.pages.dev/file/thumbnails/1788075093351_0a2a8ff4-c336-5b18-9253-69162d1d9dd5_300px_monastery_and_site_of_the_escurial_madrid.jpg,,local-unesco-thumb,
12670da5-a517-575f-8a6a-3e817d0cdb79,https://cloudflare-imgbed-euu.pages.dev/file/thumbnails/1788075081101_12670da5-a517-575f-8a6a-3e817d0cdb79_300px_caliphate_city_of_medina_azahara.jpg,,local-unesco-thumb,
8c380795-a73d-5097-a71a-f6e36fca0f62,https://cloudflare-imgbed-euu.pages.dev/file/thumbnails/1788075118443_8c380795-a73d-5097-a71a-f6e36fca0f62_300px_nyungwe_national_park.jpg,,local-unesco-thumb,
4a979863-8059-55b7-97ff-1e30bd809a73,https://cloudflare-imgbed-euu.pages.dev/file/thumbnails/1788075112099_4a979863-8059-55b7-97ff-1e30bd809a73_300px_old_town_of_segovia_and_its_aqueduct.jpg,,local-unesco-thumb,
c1d3da73-2a33-5c81-9b4c-b9737ab52466,https://cloudflare-imgbed-euu.pages.dev/file/thumbnails/1788075281313_c1d3da73-2a33-5c81-9b4c-b9737ab52466_300px_la_lonja_de_la_seda_de_valencia.jpg,,local-unesco-thumb,
8cde1ea8-b12d-5807-b756-0ab1b253803f,https://cloudflare-imgbed-euu.pages.dev/file/thumbnails/1788075331030_8cde1ea8-b12d-5807-b756-0ab1b253803f_300px_palmeral_of_elche.jpg,,local-unesco-thumb,
f59bcd03-b975-51f0-80c4-3af94ab78200,https://cloudflare-imgbed-euu.pages.dev/file/thumbnails/1788075054082_f59bcd03-b975-51f0-80c4-3af94ab78200_300px_monuments_of_oviedo_and_the_kingdom_of_the_asturias.jpg,,local-unesco-thumb,
4b8bd609-0da5-52b9-8324-488e7bbad123,https://cloudflare-imgbed-euu.pages.dev/file/thumbnails/1788075039085_4b8bd609-0da5-52b9-8324-488e7bbad123_300px_roman_walls_of_lugo.jpg,,local-unesco-thumb,
2b3f1b64-8dcd-554c-acd7-b31c99a58518,https://cloudflare-imgbed-euu.pages.dev/file/thumbnails/1788075015784_2b3f1b64-8dcd-554c-acd7-b31c99a58518_300px_rock_art_of_the_mediterranean_basin_on_the_iberian_peninsula.jpg,,local-unesco-thumb,
1893baec-081d-57d3-908c-cccef0712555,https://cloudflare-imgbed-euu.pages.dev/file/thumbnails/1788075118109_1893baec-081d-57d3-908c-cccef0712555_300px_paseo_del_prado_and_buen_retiro_a_landscape_of_arts_and_scie.jpg,,local-unesco-thumb,
8fac7672-a3d6-5197-b1de-02a84a1da83c,https://cloudflare-imgbed-euu.pages.dev/file/thumbnails/1788075012162_8fac7672-a3d6-5197-b1de-02a84a1da83c_300px_poblet_monastery.jpg,,local-unesco-thumb,
653abc81-87a9-57f1-a0b8-67c4a63ede98,https://cloudflare-imgbed-euu.pages.dev/file/thumbnails/1788075100930_653abc81-87a9-57f1-a0b8-67c4a63ede98_300px_old_town_of_galle_and_its_fortifications.jpg,,local-unesco-thumb,
79138e24-15af-5248-a69b-d631bd010a71,https://cloudflare-imgbed-euu.pages.dev/file/thumbnails/1788075052768_79138e24-15af-5248-a69b-d631bd010a71_300px_gebel_barkal_and_the_sites_of_the_napatan_region.jpg,,local-unesco-thumb,
477994ed-510b-5004-91b5-dc3691e96526,https://cloudflare-imgbed-euu.pages.dev/file/thumbnails/1788075139469_477994ed-510b-5004-91b5-dc3691e96526_300px_ancient_villages_of_northern_syria.jpg,,local-unesco-thumb,
f5cc2721-7eef-5039-a193-e865a4eb33fb,https://cloudflare-imgbed-euu.pages.dev/file/thumbnails/1788075027523_f5cc2721-7eef-5039-a193-e865a4eb33fb_300px_san_millán_yuso_and_suso_monasteries.jpg,,local-unesco-thumb,
3a4bd7f1-2739-5a74-a20a-9a14fa429db3,https://cloudflare-imgbed-euu.pages.dev/file/thumbnails/1788075210802_3a4bd7f1-2739-5a74-a20a-9a14fa429db3_300px_engelsberg_ironworks.jpg,,local-unesco-thumb,
c190d39a-2ed6-56db-8157-070701e46e3e,https://cloudflare-imgbed-euu.pages.dev/file/thumbnails/1788075031874_c190d39a-2ed6-56db-8157-070701e46e3e_300px_historic_inner_city_of_paramaribo.jpg,,local-unesco-thumb,
31e26fa0-e98f-54f6-b837-e541048c02c8,https://cloudflare-imgbed-euu.pages.dev/file/thumbnails/1788075122155_31e26fa0-e98f-54f6-b837-e541048c02c8_300px_ancient_jerichotell_es_sultan.jpg,,local-unesco-thumb,
eba639e0-7d9b-50c1-9fcf-95a9445de682,https://cloudflare-imgbed-euu.pages.dev/file/thumbnails/1788075088240_eba639e0-7d9b-50c1-9fcf-95a9445de682_300px_hanseatic_town_of_visby.jpg,,local-unesco-thumb,
c9ab59cc-76e1-599c-be86-a46aaee00950,https://cloudflare-imgbed-euu.pages.dev/file/thumbnails/1788075139451_c9ab59cc-76e1-599c-be86-a46aaee00950_300px_mining_area_of_the_great_copper_mountain_in_falun.jpg,,local-unesco-thumb,
fc2e2100-7a41-5d22-a054-107269bc0ab5,https://cloudflare-imgbed-euu.pages.dev/file/thumbnails/1788075087176_fc2e2100-7a41-5d22-a054-107269bc0ab5_300px_benedictine_convent_of_st_john_at_müstair.jpg,,local-unesco-thumb,
d6d3cc67-0f6a-597d-bdb7-a602c141e0ee,https://cloudflare-imgbed-euu.pages.dev/file/thumbnails/1788075034383_d6d3cc67-0f6a-597d-bdb7-a602c141e0ee_300px_rock_carvings_in_tanum.jpg,,local-unesco-thumb,
dba03160-3a50-5b2f-a06e-d31236d4a192,https://cloudflare-imgbed-euu.pages.dev/file/thumbnails/1788075211898_dba03160-3a50-5b2f-a06e-d31236d4a192_300px_laponian_area.jpg,,local-unesco-thumb,
17955637-56b1-50bd-8c23-5223692be2ba,https://cloudflare-imgbed-euu.pages.dev/file/thumbnails/1788075315787_17955637-56b1-50bd-8c23-5223692be2ba_300px_la_chaux_de_fonds_le_locle_watchmaking_town_planning.jpg,,local-unesco-thumb,
11d4d70c-42fe-5774-9767-ad0fa0bc580f,https://cloudflare-imgbed-euu.pages.dev/file/thumbnails/1788075270758_11d4d70c-42fe-5774-9767-ad0fa0bc580f_300px_ancient_city_of_bosra.jpg,,local-unesco-thumb,
8e970be3-e7c3-5eae-9d7b-c5f11171ed1a,https://cloudflare-imgbed-euu.pages.dev/file/thumbnails/1788075319083_8e970be3-e7c3-5eae-9d7b-c5f11171ed1a_300px_tajik_national_park_mountains_of_the_pamirs.jpg,,local-unesco-thumb,
b58f0175-1cda-593c-b625-5cb59ce04d0c,https://cloudflare-imgbed-euu.pages.dev/file/thumbnails/1788075190211_b58f0175-1cda-593c-b625-5cb59ce04d0c_300px_sinharaja_forest_reserve.jpg,,local-unesco-thumb,
05d91955-09e1-5605-a3f6-59ba823b88ad,https://cloudflare-imgbed-euu.pages.dev/file/thumbnails/1788075114214_05d91955-09e1-5605-a3f6-59ba823b88ad_300px_dong_phayayen_khao_yai_forest_complex.jpg,,local-unesco-thumb,
5a2d2d2b-3b84-5e03-a3e9-5f2d5d3f06c7,https://cloudflare-imgbed-euu.pages.dev/file/thumbnails/1788075226726_5a2d2d2b-3b84-5e03-a3e9-5f2d5d3f06c7_300px_historic_town_of_sukhothai_and_associated_historic_towns.jpg,,local-unesco-thumb,
1c0974a1-b53f-5c48-87dc-4399f8fd91a3,https://cloudflare-imgbed-euu.pages.dev/file/thumbnails/1788075197352_1c0974a1-b53f-5c48-87dc-4399f8fd91a3_300px_ban_chiang_archaeological_site.jpg,,local-unesco-thumb,
98a5d4b3-4bfc-5b7e-af6d-3de7887f0381,https://cloudflare-imgbed-euu.pages.dev/file/thumbnails/1788075144016_98a5d4b3-4bfc-5b7e-af6d-3de7887f0381_300px_dougga_thugga.jpg,,local-unesco-thumb,
67999814-f0bf-5656-9559-aa79d303af59,https://cloudflare-imgbed-euu.pages.dev/file/thumbnails/1788075051799_67999814-f0bf-5656-9559-aa79d303af59_300px_historic_city_of_ayutthaya.jpg,,local-unesco-thumb,
f0e5cf9c-0ae7-5ab4-8e1d-7e91119f5b40,https://cloudflare-imgbed-euu.pages.dev/file/thumbnails/1788075052268_f0e5cf9c-0ae7-5ab4-8e1d-7e91119f5b40_300px_tugay_forests_of_the_tigrovaya_balka_nature_reserve.jpg,,local-unesco-thumb,
20dc0421-d127-52e1-8411-16b5f46f9d25,https://cloudflare-imgbed-euu.pages.dev/file/thumbnails/1788075308034_20dc0421-d127-52e1-8411-16b5f46f9d25_300px_archaeological_site_of_troy.jpg,,local-unesco-thumb,
687e61a6-cf36-50a1-8b06-d9e33ac91077,https://cloudflare-imgbed-euu.pages.dev/file/thumbnails/1788075091556_687e61a6-cf36-50a1-8b06-d9e33ac91077_300px_kairouan.jpg,,local-unesco-thumb,
d85ada99-d5e8-51b9-b328-4847213783d9,https://cloudflare-imgbed-euu.pages.dev/file/thumbnails/1788075165262_d85ada99-d5e8-51b9-b328-4847213783d9_300px_city_of_safranbolu.jpg,,local-unesco-thumb,
6399c474-cae9-5f81-973e-4bab90d45ced,https://cloudflare-imgbed-euu.pages.dev/file/thumbnails/1788075044563_6399c474-cae9-5f81-973e-4bab90d45ced_300px_nemrut_dağ.jpg,,local-unesco-thumb,
38d99085-2807-5109-a97a-4cdc8e2a6700,https://cloudflare-imgbed-euu.pages.dev/file/thumbnails/1788075142161_38d99085-2807-5109-a97a-4cdc8e2a6700_300px_hattusha_the_hittite_capital.jpg,,local-unesco-thumb,
5f2f2fbd-aca4-5ecd-9a0f-d6a716fad9ec,https://cloudflare-imgbed-euu.pages.dev/file/thumbnails/1788075129011_5f2f2fbd-aca4-5ecd-9a0f-d6a716fad9ec_300px_hierapolis_pamukkale.jpg,,local-unesco-thumb,
ea629502-d5df-5756-940b-7ad38ce2cff6,https://cloudflare-imgbed-euu.pages.dev/file/thumbnails/1788075327143_ea629502-d5df-5756-940b-7ad38ce2cff6_300px_neolithic_site_of_çatalhöyük.jpg,,local-unesco-thumb,
bf6e1b10-4a5c-5994-9d6f-5fd28ffbf695,https://cloudflare-imgbed-euu.pages.dev/file/thumbnails/1788075070389_bf6e1b10-4a5c-5994-9d6f-5fd28ffbf695_300px_selimiye_mosque_and_its_social_complex.jpg,,local-unesco-thumb,
2d62bdef-e3a9-53cc-8d0b-dd68546685ee,https://cloudflare-imgbed-euu.pages.dev/file/thumbnails/1788075271166_2d62bdef-e3a9-53cc-8d0b-dd68546685ee_300px_diyarbakır_fortress_and_hevsel_gardens_cultural_landscape.jpg,,local-unesco-thumb,
e81227aa-49ad-530c-a8f3-4ac006dd6379,https://cloudflare-imgbed-euu.pages.dev/file/thumbnails/1788075123423_e81227aa-49ad-530c-a8f3-4ac006dd6379_300px_kunya_urgench.jpg,,local-unesco-thumb,
b125472d-09cb-587d-bd61-93a8c18f3046,https://cloudflare-imgbed-euu.pages.dev/file/thumbnails/1788075121617_b125472d-09cb-587d-bd61-93a8c18f3046_300px_parthian_fortresses_of_nisa.jpg,,local-unesco-thumb,
5629aa3b-4e2f-5a1e-8b1f-41e89b12391a,https://cloudflare-imgbed-euu.pages.dev/file/thumbnails/1788075075748_5629aa3b-4e2f-5a1e-8b1f-41e89b12391a_300px_blaenavon_industrial_landscape.jpg,,local-unesco-thumb,
2e88cef1-80e8-5484-a23e-8e561156de62,https://cloudflare-imgbed-euu.pages.dev/file/thumbnails/1788075089400_2e88cef1-80e8-5484-a23e-8e561156de62_300px_arslantepe_mound.jpg,,local-unesco-thumb,
593d4052-85b6-522f-b77f-9cf37bf92894,https://cloudflare-imgbed-euu.pages.dev/file/thumbnails/1788075208288_593d4052-85b6-522f-b77f-9cf37bf92894_300px_canterbury_cathedral_st_augustines_abbey_and_st_martins_chur.jpg,,local-unesco-thumb,
908ac082-cf95-5b80-8b51-962171051c12,https://cloudflare-imgbed-euu.pages.dev/file/thumbnails/1788075168217_908ac082-cf95-5b80-8b51-962171051c12_300px_giants_causeway_and_causeway_coast.jpg,,local-unesco-thumb,
dcdd5423-b540-590f-9d32-cc635022e1d0,https://cloudflare-imgbed-euu.pages.dev/file/thumbnails/1788075249229_dcdd5423-b540-590f-9d32-cc635022e1d0_300px_heart_of_neolithic_orkney.jpg,,local-unesco-thumb,
ee40a150-2cb2-57ec-bc1e-967f16289c2a,https://cloudflare-imgbed-euu.pages.dev/file/thumbnails/1788075244388_ee40a150-2cb2-57ec-bc1e-967f16289c2a_300px_durham_castle_and_cathedral.jpg,,local-unesco-thumb,
a7e6f385-14ff-58e9-8a5e-fd0b9b3d6304,https://cloudflare-imgbed-euu.pages.dev/file/thumbnails/1788075152654_a7e6f385-14ff-58e9-8a5e-fd0b9b3d6304_300px_the_ancient_town_of_si_thep_and_its_associated_dvaravati_mon.jpg,,local-unesco-thumb,
590a814c-9194-546d-b61d-4b2b63400da5,https://cloudflare-imgbed-euu.pages.dev/file/thumbnails/1788075113220_590a814c-9194-546d-b61d-4b2b63400da5_300px_new_lanark.jpg,,local-unesco-thumb,
ce557bec-9f20-5381-8ce2-53d522821e4c,https://cloudflare-imgbed-euu.pages.dev/file/thumbnails/1788075168849_ce557bec-9f20-5381-8ce2-53d522821e4c_300px_palace_of_westminster_and_westminster_abbey_including_saint.jpg,,local-unesco-thumb,
d9443939-5eaa-58c5-a69b-ea765cbd009e,https://cloudflare-imgbed-euu.pages.dev/file/thumbnails/1788075094572_d9443939-5eaa-58c5-a69b-ea765cbd009e_300px_jodrell_bank_observatory.jpg,,local-unesco-thumb,
ea02a532-35bc-5c72-a4fc-4782273dbb35,https://cloudflare-imgbed-euu.pages.dev/file/thumbnails/1788075045135_ea02a532-35bc-5c72-a4fc-4782273dbb35_300px_saltaire.jpg,,local-unesco-thumb,
96efe622-74f0-52a8-80c6-8b9acc398466,https://cloudflare-imgbed-euu.pages.dev/file/thumbnails/1788075160265_96efe622-74f0-52a8-80c6-8b9acc398466_300px_the_slate_landscape_of_northwest_wales.jpg,,local-unesco-thumb,
2024d5dc-a1d8-52b9-ba00-1918878d7ccd,https://cloudflare-imgbed-euu.pages.dev/file/thumbnails/1788075049480_2024d5dc-a1d8-52b9-ba00-1918878d7ccd_300px_gorhams_cave_complex.jpg,,local-unesco-thumb,
c10e06fa-398b-5812-a83c-3874efa6f809,https://cloudflare-imgbed-euu.pages.dev/file/thumbnails/1788075294076_c10e06fa-398b-5812-a83c-3874efa6f809_300px_old_and_new_towns_of_edinburgh.jpg,,local-unesco-thumb,
1b0794dd-c491-5bbb-89b2-44df7f707cd4,https://cloudflare-imgbed-euu.pages.dev/file/thumbnails/1788075096825_1b0794dd-c491-5bbb-89b2-44df7f707cd4_300px_wooden_hypostyle_mosques_of_medieval_anatolia.jpg,,local-unesco-thumb,
a718f3a4-507f-567e-b355-c67d66b14cfe,https://cloudflare-imgbed-euu.pages.dev/file/thumbnails/1788075239981_a718f3a4-507f-567e-b355-c67d66b14cfe_300px_kilimanjaro_national_park.jpg,,local-unesco-thumb,
0aa26a35-1b6b-5879-976e-8c55cf5eeae2,https://cloudflare-imgbed-euu.pages.dev/file/thumbnails/1788075022936_0aa26a35-1b6b-5879-976e-8c55cf5eeae2_300px_tower_of_london.jpg,,local-unesco-thumb,
ca0ef446-b44e-586d-bf1b-f8ef8013761e,https://cloudflare-imgbed-euu.pages.dev/file/thumbnails/1788075209221_ca0ef446-b44e-586d-bf1b-f8ef8013761e_300px_cahokia_mounds_state_historic_site.jpg,,local-unesco-thumb,
6df400bc-6232-523e-ba1b-2dc139b5dfee,https://cloudflare-imgbed-euu.pages.dev/file/thumbnails/1788075269572_6df400bc-6232-523e-ba1b-2dc139b5dfee_300px_independence_hall.jpg,,local-unesco-thumb,
392379ca-5ccf-5283-a086-5d99bca4109c,https://cloudflare-imgbed-euu.pages.dev/file/thumbnails/1788075034732_392379ca-5ccf-5283-a086-5d99bca4109c_300px_monumental_earthworks_of_poverty_point.jpg,,local-unesco-thumb,
d614efad-fdee-55bf-800c-ed782f3f21f3,https://cloudflare-imgbed-euu.pages.dev/file/thumbnails/1788075126008_d614efad-fdee-55bf-800c-ed782f3f21f3_300px_the_20th_century_architecture_of_frank_lloyd_wright.jpg,,local-unesco-thumb,
840ad8f4-8247-531d-8d86-56751d16c2b4,https://cloudflare-imgbed-euu.pages.dev/file/thumbnails/1788075145506_840ad8f4-8247-531d-8d86-56751d16c2b4_300px_complex_of_hué_monuments.jpg,,local-unesco-thumb,
c7a080ca-8540-58f2-9d08-84a4fa2408be,https://cloudflare-imgbed-euu.pages.dev/file/thumbnails/1788075170088_c7a080ca-8540-58f2-9d08-84a4fa2408be_300px_san_antonio_missions.jpg,,local-unesco-thumb,
b1995279-c5b3-5a41-bfc1-b5ccbfd27138,https://cloudflare-imgbed-euu.pages.dev/file/thumbnails/1788075181855_b1995279-c5b3-5a41-bfc1-b5ccbfd27138_300px_the_forth_bridge.jpg,,local-unesco-thumb,
f3ae722e-d0b7-5932-a70e-54bd71c2cd16,https://cloudflare-imgbed-euu.pages.dev/file/thumbnails/1788075178036_f3ae722e-d0b7-5932-a70e-54bd71c2cd16_300px_kondoa_rock_art_sites.jpg,,local-unesco-thumb,
7ef0ac0f-801f-5b35-9286-9da62089c648,https://cloudflare-imgbed-euu.pages.dev/file/thumbnails/1788075019660_7ef0ac0f-801f-5b35-9286-9da62089c648_300px_historic_centre_of_shakhrisyabz.jpg,,local-unesco-thumb,
d12c4382-16df-565b-af55-b4d4a1f22a2e,https://cloudflare-imgbed-euu.pages.dev/file/thumbnails/1788075160646_d12c4382-16df-565b-af55-b4d4a1f22a2e_300px_landmarks_of_the_ancient_kingdom_of_saba_marib.jpg,,local-unesco-thumb,
b4033863-5af9-5432-97cc-dbc7b5713a6a,https://cloudflare-imgbed-euu.pages.dev/file/thumbnails/1788075275257_b4033863-5af9-5432-97cc-dbc7b5713a6a_300px_old_walled_city_of_shibam.jpg,,local-unesco-thumb,
f45edea7-9023-5b13-a4f2-fb65ca21b4b6,https://cloudflare-imgbed-euu.pages.dev/file/thumbnails/1788075116824_f45edea7-9023-5b13-a4f2-fb65ca21b4b6_300px_yen_tu_vinh_nghiem_con_son_kiep_bac_complex_of_monuments_and.jpg,,local-unesco-thumb,
bae0f2b4-3c3e-5154-91fe-05a54f0cedb0,https://cloudflare-imgbed-euu.pages.dev/file/thumbnails/1788075084305_bae0f2b4-3c3e-5154-91fe-05a54f0cedb0_300px_teide_national_park.jpg,,local-file-import,
206bf1e1-b593-5ed6-af04-a46d9ec48d6e,https://cloudflare-imgbed-euu.pages.dev/file/thumbnails/1788075269019_206bf1e1-b593-5ed6-af04-a46d9ec48d6e_300px_elephanta_caves.jpg,,local-file-import,
82b09a76-802c-5b92-acf4-c40450f3741d,https://cloudflare-imgbed-euu.pages.dev/file/thumbnails/1788075256599_82b09a76-802c-5b92-acf4-c40450f3741d_300px_palaces_and_parks_of_potsdam_and_berlin.jpg,,local-file-import,
449114e1-0c14-527e-8010-46eda90227b1,https://cloudflare-imgbed-euu.pages.dev/file/thumbnails/1788075088104_449114e1-0c14-527e-8010-46eda90227b1_300px_sundarbans_national_park.jpg,,local-file-import,
cf04dc03-f6e2-5023-976b-d0b93f4a9a9a,https://cloudflare-imgbed-euu.pages.dev/file/thumbnails/1788075224483_cf04dc03-f6e2-5023-976b-d0b93f4a9a9a_300px_cilento_and_vallo_di_diano_national_park_with_the_archeologi.jpg,,local-file-import,
462a6b18-96cc-52df-a580-198ef2472dcb,https://cloudflare-imgbed-euu.pages.dev/file/thumbnails/1788075304704_462a6b18-96cc-52df-a580-198ef2472dcb_300px_sukur_cultural_landscape.jpg,,local-file-import,
303c96a2-7908-578f-b025-ff5add8a0959,https://cloudflare-imgbed-euu.pages.dev/file/thumbnails/1788075315027_303c96a2-7908-578f-b025-ff5add8a0959_300px_buddhist_ruins_of_takht_i_bahi_and_neighbouring_city_remains.jpg,,local-file-import,
dbbf0293-5138-56f7-a364-63385ce79e79,https://cloudflare-imgbed-euu.pages.dev/file/thumbnails/1788075124423_dbbf0293-5138-56f7-a364-63385ce79e79_300px_serra_da_capivara_national_park.JPG,,local-file-import,
477dd385-0dc7-5f5f-a03c-adecbefce5d9,https://cloudflare-imgbed-euu.pages.dev/file/thumbnails/1788075070425_477dd385-0dc7-5f5f-a03c-adecbefce5d9_300px_comoé_national_park.jpg,,local-file-import,
378b1d76-d40a-5378-a2ff-7dd8c31f21dd,https://cloudflare-imgbed-euu.pages.dev/file/thumbnails/1788075305604_378b1d76-d40a-5378-a2ff-7dd8c31f21dd_300px_upper_svaneti.jpg,,local-file-import,
04b8b511-c206-5f39-ae31-340884ee241a,https://cloudflare-imgbed-euu.pages.dev/file/thumbnails/1788075075128_04b8b511-c206-5f39-ae31-340884ee241a_300px_great_living_chola_temples.jpg,,local-file-import,
59c69971-186e-57f0-9891-02cf1727a8da,https://cloudflare-imgbed-euu.pages.dev/file/thumbnails/1788075310193_59c69971-186e-57f0-9891-02cf1727a8da_300px_lorentz_national_park.jpg,,local-file-import,
bdee0292-bd05-58b6-a8b5-1148cdc70940,https://cloudflare-imgbed-euu.pages.dev/file/thumbnails/1788075196450_bdee0292-bd05-58b6-a8b5-1148cdc70940_300px_são_francisco_square_in_the_town_of_são_cristóvão.jpg,,local-file-import,
94ee8ecf-afe3-5c71-8e87-20efb675834c,https://cloudflare-imgbed-euu.pages.dev/file/thumbnails/1788075020251_94ee8ecf-afe3-5c71-8e87-20efb675834c_300px_boyana_church.jpg,,local-file-import,
e8acea92-f117-5534-b2f9-e3fa9ad726c1,https://cloudflare-imgbed-euu.pages.dev/file/thumbnails/1788075250254_e8acea92-f117-5534-b2f9-e3fa9ad726c1_300px_taï_national_park.jpg,,local-file-import,
13cf2e74-5821-5a96-8a1e-82e81f463335,https://cloudflare-imgbed-euu.pages.dev/file/thumbnails/1788075008448_13cf2e74-5821-5a96-8a1e-82e81f463335_300px_luther_memorials_in_eisleben_and_wittenberg.jpg,,local-file-import,
ae34ca3d-6cdb-59ff-a320-4a07ac337782,https://cloudflare-imgbed-euu.pages.dev/file/thumbnails/1788075091277_ae34ca3d-6cdb-59ff-a320-4a07ac337782_300px_völklingen_ironworks.jpg,,local-file-import,
371a4135-5d94-56b3-aae4-d867651711b0,https://cloudflare-imgbed-euu.pages.dev/file/thumbnails/1788075253212_371a4135-5d94-56b3-aae4-d867651711b0_300px_chhatrapati_shivaji_terminus_formerly_victoria_terminus.jpg,,local-file-import,
a6fc60a9-d402-5966-b85c-84d22ad4e7c1,https://cloudflare-imgbed-euu.pages.dev/file/thumbnails/1788075322009_a6fc60a9-d402-5966-b85c-84d22ad4e7c1_300px_nanda_devi_and_valley_of_flowers_national_parks.jpg,,local-file-import,
dd3c0255-3035-5ed7-8fe0-c50216e7795a,https://cloudflare-imgbed-euu.pages.dev/file/thumbnails/1788075257874_dd3c0255-3035-5ed7-8fe0-c50216e7795a_300px_sian_kaan.jpg,,local-file-import,
9116622c-9d76-5f0c-b513-e8f4eb1e3d8a,https://cloudflare-imgbed-euu.pages.dev/file/thumbnails/1788075258487_9116622c-9d76-5f0c-b513-e8f4eb1e3d8a_300px_frontiers_of_the_roman_empire.jpg,,local-file-import,
